polo_uid,legacy_id,polo_nombre,dimension_tipo,dimension_id,dimension_nombre,porcentaje_superficie,locales,es_principal,criterio_principal,comuna_principal,comunas_secundarias,barrios,fuente_geometria,universo_locales
POLO-R01,R01,Palermo,BARRIO,BARRIO_BELGRANO,Belgrano,0.310898,8,NO,mayor cantidad de locales; fallback mayor superficie,Comuna 14,Comuna 15;Comuna 13,Palermo;Villa Crespo;Chacarita;Colegiales;Belgrano,outputs/BARRIDO_CIUDAD_2026-08/insumos/caba_comunas.geojson; caba_barrios.geojson,base/local.csv; anillo=nucleo; apto_geometria=true
POLO-R01,R01,Palermo,BARRIO,BARRIO_CHACARITA,Chacarita,1.78219,20,NO,mayor cantidad de locales; fallback mayor superficie,Comuna 14,Comuna 15;Comuna 13,Palermo;Villa Crespo;Chacarita;Colegiales;Belgrano,outputs/BARRIDO_CIUDAD_2026-08/insumos/caba_comunas.geojson; caba_barrios.geojson,base/local.csv; anillo=nucleo; apto_geometria=true
POLO-R01,R01,Palermo,BARRIO,BARRIO_COLEGIALES,Colegiales,2.03109,8,NO,mayor cantidad de locales; fallback mayor superficie,Comuna 14,Comuna 15;Comuna 13,Palermo;Villa Crespo;Chacarita;Colegiales;Belgrano,outputs/BARRIDO_CIUDAD_2026-08/insumos/caba_comunas.geojson; caba_barrios.geojson,base/local.csv; anillo=nucleo; apto_geometria=true
POLO-R01,R01,Palermo,BARRIO,BARRIO_PALERMO,Palermo,92.816037,1852,SI,mayor cantidad de locales; fallback mayor superficie,Comuna 14,Comuna 15;Comuna 13,Palermo;Villa Crespo;Chacarita;Colegiales;Belgrano,outputs/BARRIDO_CIUDAD_2026-08/insumos/caba_comunas.geojson; caba_barrios.geojson,base/local.csv; anillo=nucleo; apto_geometria=true
POLO-R01,R01,Palermo,BARRIO,BARRIO_VILLA_CRESPO,Villa Crespo,3.059785,28,NO,mayor cantidad de locales; fallback mayor superficie,Comuna 14,Comuna 15;Comuna 13,Palermo;Villa Crespo;Chacarita;Colegiales;Belgrano,outputs/BARRIDO_CIUDAD_2026-08/insumos/caba_comunas.geojson; caba_barrios.geojson,base/local.csv; anillo=nucleo; apto_geometria=true
POLO-R01,R01,Palermo,COMUNA,COMUNA_13,Comuna 13,2.341988,16,NO,mayor cantidad de locales; fallback mayor superficie,Comuna 14,Comuna 15;Comuna 13,Palermo;Villa Crespo;Chacarita;Colegiales;Belgrano,outputs/BARRIDO_CIUDAD_2026-08/insumos/caba_comunas.geojson; caba_barrios.geojson,base/local.csv; anillo=nucleo; apto_geometria=true
POLO-R01,R01,Palermo,COMUNA,COMUNA_14,Comuna 14,92.816037,1852,SI,mayor cantidad de locales; fallback mayor superficie,Comuna 14,Comuna 15;Comuna 13,Palermo;Villa Crespo;Chacarita;Colegiales;Belgrano,outputs/BARRIDO_CIUDAD_2026-08/insumos/caba_comunas.geojson; caba_barrios.geojson,base/local.csv; anillo=nucleo; apto_geometria=true
POLO-R01,R01,Palermo,COMUNA,COMUNA_15,Comuna 15,4.841975,48,NO,mayor cantidad de locales; fallback mayor superficie,Comuna 14,Comuna 15;Comuna 13,Palermo;Villa Crespo;Chacarita;Colegiales;Belgrano,outputs/BARRIDO_CIUDAD_2026-08/insumos/caba_comunas.geojson; caba_barrios.geojson,base/local.csv; anillo=nucleo; apto_geometria=true
POLO-R02,R02,Avenida Corrientes,BARRIO,BARRIO_BALVANERA,Balvanera,14.192387,48,NO,mayor cantidad de locales; fallback mayor superficie,Comuna 1,Comuna 3,San Nicolas;Balvanera,outputs/BARRIDO_CIUDAD_2026-08/insumos/caba_comunas.geojson; caba_barrios.geojson,base/local.csv; anillo=nucleo; apto_geometria=true
POLO-R02,R02,Avenida Corrientes,BARRIO,BARRIO_SAN_NICOLAS,San Nicolas,85.807613,306,SI,mayor cantidad de locales; fallback mayor superficie,Comuna 1,Comuna 3,San Nicolas;Balvanera,outputs/BARRIDO_CIUDAD_2026-08/insumos/caba_comunas.geojson; caba_barrios.geojson,base/local.csv; anillo=nucleo; apto_geometria=true
POLO-R02,R02,Avenida Corrientes,COMUNA,COMUNA_01,Comuna 1,85.807613,306,SI,mayor cantidad de locales; fallback mayor superficie,Comuna 1,Comuna 3,San Nicolas;Balvanera,outputs/BARRIDO_CIUDAD_2026-08/insumos/caba_comunas.geojson; caba_barrios.geojson,base/local.csv; anillo=nucleo; apto_geometria=true
POLO-R02,R02,Avenida Corrientes,COMUNA,COMUNA_03,Comuna 3,14.192387,48,NO,mayor cantidad de locales; fallback mayor superficie,Comuna 1,Comuna 3,San Nicolas;Balvanera,outputs/BARRIDO_CIUDAD_2026-08/insumos/caba_comunas.geojson; caba_barrios.geojson,base/local.csv; anillo=nucleo; apto_geometria=true
POLO-R03,R03,San Telmo,BARRIO,BARRIO_CONSTITUCION,Constitucion,7.596506,3,NO,mayor cantidad de locales; fallback mayor superficie,Comuna 1,,San Telmo;Constitucion,outputs/BARRIDO_CIUDAD_2026-08/insumos/caba_comunas.geojson; caba_barrios.geojson,base/local.csv; anillo=nucleo; apto_geometria=true
POLO-R03,R03,San Telmo,BARRIO,BARRIO_SAN_TELMO,San Telmo,92.403494,68,SI,mayor cantidad de locales; fallback mayor superficie,Comuna 1,,San Telmo;Constitucion,outputs/BARRIDO_CIUDAD_2026-08/insumos/caba_comunas.geojson; caba_barrios.geojson,base/local.csv; anillo=nucleo; apto_geometria=true
POLO-R03,R03,San Telmo,COMUNA,COMUNA_01,Comuna 1,100.0,71,SI,mayor cantidad de locales; fallback mayor superficie,Comuna 1,,San Telmo;Constitucion,outputs/BARRIDO_CIUDAD_2026-08/insumos/caba_comunas.geojson; caba_barrios.geojson,base/local.csv; anillo=nucleo; apto_geometria=true
POLO-R04,R04,Puerto Madero,BARRIO,BARRIO_BOCA,Boca,7.693328,14,NO,mayor cantidad de locales; fallback mayor superficie,Comuna 1,Comuna 4,Puerto Madero;San Nicolas;San Telmo;Monserrat;Boca;Retiro,outputs/BARRIDO_CIUDAD_2026-08/insumos/caba_comunas.geojson; caba_barrios.geojson,base/local.csv; anillo=nucleo; apto_geometria=true
POLO-R04,R04,Puerto Madero,BARRIO,FUERA_COBERTURA_OFICIAL_BARRIO,Fuera de cobertura oficial,3.29538,0,NO,mayor cantidad de locales; fallback mayor superficie,Comuna 1,Comuna 4,Puerto Madero;San Nicolas;San Telmo;Monserrat;Boca;Retiro,outputs/BARRIDO_CIUDAD_2026-08/insumos/caba_comunas.geojson; caba_barrios.geojson,base/local.csv; anillo=nucleo; apto_geometria=true
POLO-R04,R04,Puerto Madero,BARRIO,BARRIO_MONSERRAT,Monserrat,6.402935,20,NO,mayor cantidad de locales; fallback mayor superficie,Comuna 1,Comuna 4,Puerto Madero;San Nicolas;San Telmo;Monserrat;Boca;Retiro,outputs/BARRIDO_CIUDAD_2026-08/insumos/caba_comunas.geojson; caba_barrios.geojson,base/local.csv; anillo=nucleo; apto_geometria=true
POLO-R04,R04,Puerto Madero,BARRIO,BARRIO_PUERTO_MADERO,Puerto Madero,59.975757,254,SI,mayor cantidad de locales; fallback mayor superficie,Comuna 1,Comuna 4,Puerto Madero;San Nicolas;San Telmo;Monserrat;Boca;Retiro,outputs/BARRIDO_CIUDAD_2026-08/insumos/caba_comunas.geojson; caba_barrios.geojson,base/local.csv; anillo=nucleo; apto_geometria=true
POLO-R04,R04,Puerto Madero,BARRIO,BARRIO_RETIRO,Retiro,7.290549,4,NO,mayor cantidad de locales; fallback mayor superficie,Comuna 1,Comuna 4,Puerto Madero;San Nicolas;San Telmo;Monserrat;Boca;Retiro,outputs/BARRIDO_CIUDAD_2026-08/insumos/caba_comunas.geojson; caba_barrios.geojson,base/local.csv; anillo=nucleo; apto_geometria=true
POLO-R04,R04,Puerto Madero,BARRIO,BARRIO_SAN_NICOLAS,San Nicolas,5.415254,33,NO,mayor cantidad de locales; fallback mayor superficie,Comuna 1,Comuna 4,Puerto Madero;San Nicolas;San Telmo;Monserrat;Boca;Retiro,outputs/BARRIDO_CIUDAD_2026-08/insumos/caba_comunas.geojson; caba_barrios.geojson,base/local.csv; anillo=nucleo; apto_geometria=true
POLO-R04,R04,Puerto Madero,BARRIO,BARRIO_SAN_TELMO,San Telmo,9.926798,29,NO,mayor cantidad de locales; fallback mayor superficie,Comuna 1,Comuna 4,Puerto Madero;San Nicolas;San Telmo;Monserrat;Boca;Retiro,outputs/BARRIDO_CIUDAD_2026-08/insumos/caba_comunas.geojson; caba_barrios.geojson,base/local.csv; anillo=nucleo; apto_geometria=true
POLO-R04,R04,Puerto Madero,COMUNA,COMUNA_01,Comuna 1,89.196997,340,SI,mayor cantidad de locales; fallback mayor superficie,Comuna 1,Comuna 4,Puerto Madero;San Nicolas;San Telmo;Monserrat;Boca;Retiro,outputs/BARRIDO_CIUDAD_2026-08/insumos/caba_comunas.geojson; caba_barrios.geojson,base/local.csv; anillo=nucleo; apto_geometria=true
POLO-R04,R04,Puerto Madero,COMUNA,COMUNA_04,Comuna 4,7.693327,14,NO,mayor cantidad de locales; fallback mayor superficie,Comuna 1,Comuna 4,Puerto Madero;San Nicolas;San Telmo;Monserrat;Boca;Retiro,outputs/BARRIDO_CIUDAD_2026-08/insumos/caba_comunas.geojson; caba_barrios.geojson,base/local.csv; anillo=nucleo; apto_geometria=true
POLO-R04,R04,Puerto Madero,COMUNA,FUERA_COBERTURA_OFICIAL_COMUNA,Fuera de cobertura oficial,3.109676,0,NO,mayor cantidad de locales; fallback mayor superficie,Comuna 1,Comuna 4,Puerto Madero;San Nicolas;San Telmo;Monserrat;Boca;Retiro,outputs/BARRIDO_CIUDAD_2026-08/insumos/caba_comunas.geojson; caba_barrios.geojson,base/local.csv; anillo=nucleo; apto_geometria=true
POLO-R05,R05,Belgrano,BARRIO,BARRIO_BELGRANO,Belgrano,99.853661,343,SI,mayor cantidad de locales; fallback mayor superficie,Comuna 13,,Belgrano;Nuñez,outputs/BARRIDO_CIUDAD_2026-08/insumos/caba_comunas.geojson; caba_barrios.geojson,base/local.csv; anillo=nucleo; apto_geometria=true
POLO-R05,R05,Belgrano,BARRIO,BARRIO_NUNEZ,Nuñez,0.146339,0,NO,mayor cantidad de locales; fallback mayor superficie,Comuna 13,,Belgrano;Nuñez,outputs/BARRIDO_CIUDAD_2026-08/insumos/caba_comunas.geojson; caba_barrios.geojson,base/local.csv; anillo=nucleo; apto_geometria=true
POLO-R05,R05,Belgrano,COMUNA,COMUNA_13,Comuna 13,100.0,343,SI,mayor cantidad de locales; fallback mayor superficie,Comuna 13,,Belgrano;Nuñez,outputs/BARRIDO_CIUDAD_2026-08/insumos/caba_comunas.geojson; caba_barrios.geojson,base/local.csv; anillo=nucleo; apto_geometria=true
POLO-R06,R06,Recoleta,BARRIO,BARRIO_RECOLETA,Recoleta,100.0,714,SI,mayor cantidad de locales; fallback mayor superficie,Comuna 2,,Recoleta,outputs/BARRIDO_CIUDAD_2026-08/insumos/caba_comunas.geojson; caba_barrios.geojson,base/local.csv; anillo=nucleo; apto_geometria=true
POLO-R06,R06,Recoleta,COMUNA,COMUNA_02,Comuna 2,100.0,714,SI,mayor cantidad de locales; fallback mayor superficie,Comuna 2,,Recoleta,outputs/BARRIDO_CIUDAD_2026-08/insumos/caba_comunas.geojson; caba_barrios.geojson,base/local.csv; anillo=nucleo; apto_geometria=true
POLO-R07,R07,Costanera Norte,BARRIO,BARRIO_BELGRANO,Belgrano,36.782345,22,NO,mayor cantidad de locales; fallback mayor superficie,Comuna 14,Comuna 13,Palermo;Belgrano,outputs/BARRIDO_CIUDAD_2026-08/insumos/caba_comunas.geojson; caba_barrios.geojson,base/local.csv; anillo=nucleo; apto_geometria=true
POLO-R07,R07,Costanera Norte,BARRIO,FUERA_COBERTURA_OFICIAL_BARRIO,Fuera de cobertura oficial,6.851438,0,NO,mayor cantidad de locales; fallback mayor superficie,Comuna 14,Comuna 13,Palermo;Belgrano,outputs/BARRIDO_CIUDAD_2026-08/insumos/caba_comunas.geojson; caba_barrios.geojson,base/local.csv; anillo=nucleo; apto_geometria=true
POLO-R07,R07,Costanera Norte,BARRIO,BARRIO_PALERMO,Palermo,56.366217,45,SI,mayor cantidad de locales; fallback mayor superficie,Comuna 14,Comuna 13,Palermo;Belgrano,outputs/BARRIDO_CIUDAD_2026-08/insumos/caba_comunas.geojson; caba_barrios.geojson,base/local.csv; anillo=nucleo; apto_geometria=true
POLO-R07,R07,Costanera Norte,COMUNA,COMUNA_13,Comuna 13,36.782345,22,NO,mayor cantidad de locales; fallback mayor superficie,Comuna 14,Comuna 13,Palermo;Belgrano,outputs/BARRIDO_CIUDAD_2026-08/insumos/caba_comunas.geojson; caba_barrios.geojson,base/local.csv; anillo=nucleo; apto_geometria=true
POLO-R07,R07,Costanera Norte,COMUNA,COMUNA_14,Comuna 14,56.366217,45,SI,mayor cantidad de locales; fallback mayor superficie,Comuna 14,Comuna 13,Palermo;Belgrano,outputs/BARRIDO_CIUDAD_2026-08/insumos/caba_comunas.geojson; caba_barrios.geojson,base/local.csv; anillo=nucleo; apto_geometria=true
POLO-R07,R07,Costanera Norte,COMUNA,FUERA_COBERTURA_OFICIAL_COMUNA,Fuera de cobertura oficial,6.851438,0,NO,mayor cantidad de locales; fallback mayor superficie,Comuna 14,Comuna 13,Palermo;Belgrano,outputs/BARRIDO_CIUDAD_2026-08/insumos/caba_comunas.geojson; caba_barrios.geojson,base/local.csv; anillo=nucleo; apto_geometria=true
POLO-R08,R08,Villa Crespo,BARRIO,BARRIO_CABALLITO,Caballito,9.449529,47,NO,mayor cantidad de locales; fallback mayor superficie,Comuna 15,Comuna 14;Comuna 6;Comuna 11,Villa Crespo;Palermo;Caballito;Chacarita;Paternal;Villa Gral. Mitre,outputs/BARRIDO_CIUDAD_2026-08/insumos/caba_comunas.geojson; caba_barrios.geojson,base/local.csv; anillo=nucleo; apto_geometria=true
POLO-R08,R08,Villa Crespo,BARRIO,BARRIO_CHACARITA,Chacarita,2.257863,7,NO,mayor cantidad de locales; fallback mayor superficie,Comuna 15,Comuna 14;Comuna 6;Comuna 11,Villa Crespo;Palermo;Caballito;Chacarita;Paternal;Villa Gral. Mitre,outputs/BARRIDO_CIUDAD_2026-08/insumos/caba_comunas.geojson; caba_barrios.geojson,base/local.csv; anillo=nucleo; apto_geometria=true
POLO-R08,R08,Villa Crespo,BARRIO,BARRIO_PALERMO,Palermo,4.678294,69,NO,mayor cantidad de locales; fallback mayor superficie,Comuna 15,Comuna 14;Comuna 6;Comuna 11,Villa Crespo;Palermo;Caballito;Chacarita;Paternal;Villa Gral. Mitre,outputs/BARRIDO_CIUDAD_2026-08/insumos/caba_comunas.geojson; caba_barrios.geojson,base/local.csv; anillo=nucleo; apto_geometria=true
POLO-R08,R08,Villa Crespo,BARRIO,BARRIO_PATERNAL,Paternal,1.531178,1,NO,mayor cantidad de locales; fallback mayor superficie,Comuna 15,Comuna 14;Comuna 6;Comuna 11,Villa Crespo;Palermo;Caballito;Chacarita;Paternal;Villa Gral. Mitre,outputs/BARRIDO_CIUDAD_2026-08/insumos/caba_comunas.geojson; caba_barrios.geojson,base/local.csv; anillo=nucleo; apto_geometria=true
POLO-R08,R08,Villa Crespo,BARRIO,BARRIO_VILLA_CRESPO,Villa Crespo,81.752783,621,SI,mayor cantidad de locales; fallback mayor superficie,Comuna 15,Comuna 14;Comuna 6;Comuna 11,Villa Crespo;Palermo;Caballito;Chacarita;Paternal;Villa Gral. Mitre,outputs/BARRIDO_CIUDAD_2026-08/insumos/caba_comunas.geojson; caba_barrios.geojson,base/local.csv; anillo=nucleo; apto_geometria=true
POLO-R08,R08,Villa Crespo,BARRIO,BARRIO_VILLA_GRAL_MITRE,Villa Gral. Mitre,0.330353,1,NO,mayor cantidad de locales; fallback mayor superficie,Comuna 15,Comuna 14;Comuna 6;Comuna 11,Villa Crespo;Palermo;Caballito;Chacarita;Paternal;Villa Gral. Mitre,outputs/BARRIDO_CIUDAD_2026-08/insumos/caba_comunas.geojson; caba_barrios.geojson,base/local.csv; anillo=nucleo; apto_geometria=true
POLO-R08,R08,Villa Crespo,COMUNA,COMUNA_11,Comuna 11,0.330353,1,NO,mayor cantidad de locales; fallback mayor superficie,Comuna 15,Comuna 14;Comuna 6;Comuna 11,Villa Crespo;Palermo;Caballito;Chacarita;Paternal;Villa Gral. Mitre,outputs/BARRIDO_CIUDAD_2026-08/insumos/caba_comunas.geojson; caba_barrios.geojson,base/local.csv; anillo=nucleo; apto_geometria=true
POLO-R08,R08,Villa Crespo,COMUNA,COMUNA_14,Comuna 14,4.678294,69,NO,mayor cantidad de locales; fallback mayor superficie,Comuna 15,Comuna 14;Comuna 6;Comuna 11,Villa Crespo;Palermo;Caballito;Chacarita;Paternal;Villa Gral. Mitre,outputs/BARRIDO_CIUDAD_2026-08/insumos/caba_comunas.geojson; caba_barrios.geojson,base/local.csv; anillo=nucleo; apto_geometria=true
POLO-R08,R08,Villa Crespo,COMUNA,COMUNA_15,Comuna 15,85.541824,629,SI,mayor cantidad de locales; fallback mayor superficie,Comuna 15,Comuna 14;Comuna 6;Comuna 11,Villa Crespo;Palermo;Caballito;Chacarita;Paternal;Villa Gral. Mitre,outputs/BARRIDO_CIUDAD_2026-08/insumos/caba_comunas.geojson; caba_barrios.geojson,base/local.csv; anillo=nucleo; apto_geometria=true
POLO-R08,R08,Villa Crespo,COMUNA,COMUNA_06,Comuna 6,9.449529,47,NO,mayor cantidad de locales; fallback mayor superficie,Comuna 15,Comuna 14;Comuna 6;Comuna 11,Villa Crespo;Palermo;Caballito;Chacarita;Paternal;Villa Gral. Mitre,outputs/BARRIDO_CIUDAD_2026-08/insumos/caba_comunas.geojson; caba_barrios.geojson,base/local.csv; anillo=nucleo; apto_geometria=true
SYS-CHACAGIALES,R09+R19+Z43,Chacagiales,BARRIO,BARRIO_BELGRANO,Belgrano,0.766028,0,NO,mayor cantidad de locales; fallback mayor superficie,Comuna 13,Comuna 15;Comuna 14,Colegiales;Chacarita;Palermo;Villa Crespo;Villa Ortuzar;Belgrano;Paternal,outputs/BARRIDO_CIUDAD_2026-08/insumos/caba_comunas.geojson; caba_barrios.geojson,base/local.csv; anillo=nucleo; apto_geometria=true
SYS-CHACAGIALES,R09+R19+Z43,Chacagiales,BARRIO,BARRIO_CHACARITA,Chacarita,35.538313,300,NO,mayor cantidad de locales; fallback mayor superficie,Comuna 13,Comuna 15;Comuna 14,Colegiales;Chacarita;Palermo;Villa Crespo;Villa Ortuzar;Belgrano;Paternal,outputs/BARRIDO_CIUDAD_2026-08/insumos/caba_comunas.geojson; caba_barrios.geojson,base/local.csv; anillo=nucleo; apto_geometria=true
SYS-CHACAGIALES,R09+R19+Z43,Chacagiales,BARRIO,BARRIO_COLEGIALES,Colegiales,46.175306,441,SI,mayor cantidad de locales; fallback mayor superficie,Comuna 13,Comuna 15;Comuna 14,Colegiales;Chacarita;Palermo;Villa Crespo;Villa Ortuzar;Belgrano;Paternal,outputs/BARRIDO_CIUDAD_2026-08/insumos/caba_comunas.geojson; caba_barrios.geojson,base/local.csv; anillo=nucleo; apto_geometria=true
SYS-CHACAGIALES,R09+R19+Z43,Chacagiales,BARRIO,BARRIO_PALERMO,Palermo,11.764665,124,NO,mayor cantidad de locales; fallback mayor superficie,Comuna 13,Comuna 15;Comuna 14,Colegiales;Chacarita;Palermo;Villa Crespo;Villa Ortuzar;Belgrano;Paternal,outputs/BARRIDO_CIUDAD_2026-08/insumos/caba_comunas.geojson; caba_barrios.geojson,base/local.csv; anillo=nucleo; apto_geometria=true
SYS-CHACAGIALES,R09+R19+Z43,Chacagiales,BARRIO,BARRIO_PATERNAL,Paternal,0.165463,0,NO,mayor cantidad de locales; fallback mayor superficie,Comuna 13,Comuna 15;Comuna 14,Colegiales;Chacarita;Palermo;Villa Crespo;Villa Ortuzar;Belgrano;Paternal,outputs/BARRIDO_CIUDAD_2026-08/insumos/caba_comunas.geojson; caba_barrios.geojson,base/local.csv; anillo=nucleo; apto_geometria=true
SYS-CHACAGIALES,R09+R19+Z43,Chacagiales,BARRIO,BARRIO_VILLA_CRESPO,Villa Crespo,4.230681,18,NO,mayor cantidad de locales; fallback mayor superficie,Comuna 13,Comuna 15;Comuna 14,Colegiales;Chacarita;Palermo;Villa Crespo;Villa Ortuzar;Belgrano;Paternal,outputs/BARRIDO_CIUDAD_2026-08/insumos/caba_comunas.geojson; caba_barrios.geojson,base/local.csv; anillo=nucleo; apto_geometria=true
SYS-CHACAGIALES,R09+R19+Z43,Chacagiales,BARRIO,BARRIO_VILLA_ORTUZAR,Villa Ortuzar,1.359544,8,NO,mayor cantidad de locales; fallback mayor superficie,Comuna 13,Comuna 15;Comuna 14,Colegiales;Chacarita;Palermo;Villa Crespo;Villa Ortuzar;Belgrano;Paternal,outputs/BARRIDO_CIUDAD_2026-08/insumos/caba_comunas.geojson; caba_barrios.geojson,base/local.csv; anillo=nucleo; apto_geometria=true
SYS-CHACAGIALES,R09+R19+Z43,Chacagiales,COMUNA,COMUNA_13,Comuna 13,46.941335,441,SI,mayor cantidad de locales; fallback mayor superficie,Comuna 13,Comuna 15;Comuna 14,Colegiales;Chacarita;Palermo;Villa Crespo;Villa Ortuzar;Belgrano;Paternal,outputs/BARRIDO_CIUDAD_2026-08/insumos/caba_comunas.geojson; caba_barrios.geojson,base/local.csv; anillo=nucleo; apto_geometria=true
SYS-CHACAGIALES,R09+R19+Z43,Chacagiales,COMUNA,COMUNA_14,Comuna 14,11.764665,124,NO,mayor cantidad de locales; fallback mayor superficie,Comuna 13,Comuna 15;Comuna 14,Colegiales;Chacarita;Palermo;Villa Crespo;Villa Ortuzar;Belgrano;Paternal,outputs/BARRIDO_CIUDAD_2026-08/insumos/caba_comunas.geojson; caba_barrios.geojson,base/local.csv; anillo=nucleo; apto_geometria=true
SYS-CHACAGIALES,R09+R19+Z43,Chacagiales,COMUNA,COMUNA_15,Comuna 15,41.294001,326,NO,mayor cantidad de locales; fallback mayor superficie,Comuna 13,Comuna 15;Comuna 14,Colegiales;Chacarita;Palermo;Villa Crespo;Villa Ortuzar;Belgrano;Paternal,outputs/BARRIDO_CIUDAD_2026-08/insumos/caba_comunas.geojson; caba_barrios.geojson,base/local.csv; anillo=nucleo; apto_geometria=true
POLO-R10,R10,Caballito,BARRIO,BARRIO_BOEDO,Boedo,1.385691,17,NO,mayor cantidad de locales; fallback mayor superficie,Comuna 6,Comuna 7;Comuna 5,Caballito;Parque Chacabuco;Boedo;Flores,outputs/BARRIDO_CIUDAD_2026-08/insumos/caba_comunas.geojson; caba_barrios.geojson,base/local.csv; anillo=nucleo; apto_geometria=true
POLO-R10,R10,Caballito,BARRIO,BARRIO_CABALLITO,Caballito,88.963554,453,SI,mayor cantidad de locales; fallback mayor superficie,Comuna 6,Comuna 7;Comuna 5,Caballito;Parque Chacabuco;Boedo;Flores,outputs/BARRIDO_CIUDAD_2026-08/insumos/caba_comunas.geojson; caba_barrios.geojson,base/local.csv; anillo=nucleo; apto_geometria=true
POLO-R10,R10,Caballito,BARRIO,BARRIO_FLORES,Flores,2.666588,13,NO,mayor cantidad de locales; fallback mayor superficie,Comuna 6,Comuna 7;Comuna 5,Caballito;Parque Chacabuco;Boedo;Flores,outputs/BARRIDO_CIUDAD_2026-08/insumos/caba_comunas.geojson; caba_barrios.geojson,base/local.csv; anillo=nucleo; apto_geometria=true
POLO-R10,R10,Caballito,BARRIO,BARRIO_PARQUE_CHACABUCO,Parque Chacabuco,6.984168,25,NO,mayor cantidad de locales; fallback mayor superficie,Comuna 6,Comuna 7;Comuna 5,Caballito;Parque Chacabuco;Boedo;Flores,outputs/BARRIDO_CIUDAD_2026-08/insumos/caba_comunas.geojson; caba_barrios.geojson,base/local.csv; anillo=nucleo; apto_geometria=true
POLO-R10,R10,Caballito,COMUNA,COMUNA_05,Comuna 5,1.385691,17,NO,mayor cantidad de locales; fallback mayor superficie,Comuna 6,Comuna 7;Comuna 5,Caballito;Parque Chacabuco;Boedo;Flores,outputs/BARRIDO_CIUDAD_2026-08/insumos/caba_comunas.geojson; caba_barrios.geojson,base/local.csv; anillo=nucleo; apto_geometria=true
POLO-R10,R10,Caballito,COMUNA,COMUNA_06,Comuna 6,88.963554,453,SI,mayor cantidad de locales; fallback mayor superficie,Comuna 6,Comuna 7;Comuna 5,Caballito;Parque Chacabuco;Boedo;Flores,outputs/BARRIDO_CIUDAD_2026-08/insumos/caba_comunas.geojson; caba_barrios.geojson,base/local.csv; anillo=nucleo; apto_geometria=true
POLO-R10,R10,Caballito,COMUNA,COMUNA_07,Comuna 7,9.650756,38,NO,mayor cantidad de locales; fallback mayor superficie,Comuna 6,Comuna 7;Comuna 5,Caballito;Parque Chacabuco;Boedo;Flores,outputs/BARRIDO_CIUDAD_2026-08/insumos/caba_comunas.geojson; caba_barrios.geojson,base/local.csv; anillo=nucleo; apto_geometria=true
POLO-R11,R11,Boulevard Caseros,BARRIO,BARRIO_BARRACAS,Barracas,51.311857,25,SI,"decisión editorial explícita: mayor superficie; C4 51,311853 % / C1 48,688147 %; locales C4 25 / C1 35",Comuna 4,Comuna 1,Barracas;San Telmo;Constitucion,outputs/BARRIDO_CIUDAD_2026-08/insumos/caba_comunas.geojson; caba_barrios.geojson,base/local.csv; anillo=nucleo; apto_geometria=true
POLO-R11,R11,Boulevard Caseros,BARRIO,BARRIO_CONSTITUCION,Constitucion,25.852531,16,NO,"decisión editorial explícita: mayor superficie; C4 51,311853 % / C1 48,688147 %; locales C4 25 / C1 35",Comuna 4,Comuna 1,Barracas;San Telmo;Constitucion,outputs/BARRIDO_CIUDAD_2026-08/insumos/caba_comunas.geojson; caba_barrios.geojson,base/local.csv; anillo=nucleo; apto_geometria=true
POLO-R11,R11,Boulevard Caseros,BARRIO,BARRIO_SAN_TELMO,San Telmo,22.835612,19,NO,"decisión editorial explícita: mayor superficie; C4 51,311853 % / C1 48,688147 %; locales C4 25 / C1 35",Comuna 4,Comuna 1,Barracas;San Telmo;Constitucion,outputs/BARRIDO_CIUDAD_2026-08/insumos/caba_comunas.geojson; caba_barrios.geojson,base/local.csv; anillo=nucleo; apto_geometria=true
POLO-R11,R11,Boulevard Caseros,COMUNA,COMUNA_01,Comuna 1,48.688147,35,NO,"decisión editorial explícita: mayor superficie; C4 51,311853 % / C1 48,688147 %; locales C4 25 / C1 35",Comuna 4,Comuna 1,Barracas;San Telmo;Constitucion,outputs/BARRIDO_CIUDAD_2026-08/insumos/caba_comunas.geojson; caba_barrios.geojson,base/local.csv; anillo=nucleo; apto_geometria=true
POLO-R11,R11,Boulevard Caseros,COMUNA,COMUNA_04,Comuna 4,51.311853,25,SI,"decisión editorial explícita: mayor superficie; C4 51,311853 % / C1 48,688147 %; locales C4 25 / C1 35",Comuna 4,Comuna 1,Barracas;San Telmo;Constitucion,outputs/BARRIDO_CIUDAD_2026-08/insumos/caba_comunas.geojson; caba_barrios.geojson,base/local.csv; anillo=nucleo; apto_geometria=true
POLO-R12,R12,Centro y Microcentro,BARRIO,BARRIO_MONSERRAT,Monserrat,18.456711,147,NO,mayor cantidad de locales; fallback mayor superficie,Comuna 1,,San Nicolas;Retiro;Monserrat,outputs/BARRIDO_CIUDAD_2026-08/insumos/caba_comunas.geojson; caba_barrios.geojson,base/local.csv; anillo=nucleo; apto_geometria=true
POLO-R12,R12,Centro y Microcentro,BARRIO,BARRIO_RETIRO,Retiro,30.401557,251,NO,mayor cantidad de locales; fallback mayor superficie,Comuna 1,,San Nicolas;Retiro;Monserrat,outputs/BARRIDO_CIUDAD_2026-08/insumos/caba_comunas.geojson; caba_barrios.geojson,base/local.csv; anillo=nucleo; apto_geometria=true
POLO-R12,R12,Centro y Microcentro,BARRIO,BARRIO_SAN_NICOLAS,San Nicolas,51.141732,477,SI,mayor cantidad de locales; fallback mayor superficie,Comuna 1,,San Nicolas;Retiro;Monserrat,outputs/BARRIDO_CIUDAD_2026-08/insumos/caba_comunas.geojson; caba_barrios.geojson,base/local.csv; anillo=nucleo; apto_geometria=true
POLO-R12,R12,Centro y Microcentro,COMUNA,COMUNA_01,Comuna 1,100.0,875,SI,mayor cantidad de locales; fallback mayor superficie,Comuna 1,,San Nicolas;Retiro;Monserrat,outputs/BARRIDO_CIUDAD_2026-08/insumos/caba_comunas.geojson; caba_barrios.geojson,base/local.csv; anillo=nucleo; apto_geometria=true
POLO-R13,R13,Abasto,BARRIO,BARRIO_ALMAGRO,Almagro,44.377436,159,NO,mayor cantidad de locales; fallback mayor superficie,Comuna 3,Comuna 5,Balvanera;Almagro,outputs/BARRIDO_CIUDAD_2026-08/insumos/caba_comunas.geojson; caba_barrios.geojson,base/local.csv; anillo=nucleo; apto_geometria=true
POLO-R13,R13,Abasto,BARRIO,BARRIO_BALVANERA,Balvanera,55.622564,206,SI,mayor cantidad de locales; fallback mayor superficie,Comuna 3,Comuna 5,Balvanera;Almagro,outputs/BARRIDO_CIUDAD_2026-08/insumos/caba_comunas.geojson; caba_barrios.geojson,base/local.csv; anillo=nucleo; apto_geometria=true
POLO-R13,R13,Abasto,COMUNA,COMUNA_03,Comuna 3,55.622564,206,SI,mayor cantidad de locales; fallback mayor superficie,Comuna 3,Comuna 5,Balvanera;Almagro,outputs/BARRIDO_CIUDAD_2026-08/insumos/caba_comunas.geojson; caba_barrios.geojson,base/local.csv; anillo=nucleo; apto_geometria=true
POLO-R13,R13,Abasto,COMUNA,COMUNA_05,Comuna 5,44.377436,159,NO,mayor cantidad de locales; fallback mayor superficie,Comuna 3,Comuna 5,Balvanera;Almagro,outputs/BARRIDO_CIUDAD_2026-08/insumos/caba_comunas.geojson; caba_barrios.geojson,base/local.csv; anillo=nucleo; apto_geometria=true
POLO-R14,R14,Avenida Boedo,BARRIO,BARRIO_ALMAGRO,Almagro,10.252309,34,NO,mayor cantidad de locales; fallback mayor superficie,Comuna 5,Comuna 4;Comuna 3,Boedo;Almagro;Nueva Pompeya;San Cristobal;Parque Patricios,outputs/BARRIDO_CIUDAD_2026-08/insumos/caba_comunas.geojson; caba_barrios.geojson,base/local.csv; anillo=nucleo; apto_geometria=true
POLO-R14,R14,Avenida Boedo,BARRIO,BARRIO_BOEDO,Boedo,79.249476,183,SI,mayor cantidad de locales; fallback mayor superficie,Comuna 5,Comuna 4;Comuna 3,Boedo;Almagro;Nueva Pompeya;San Cristobal;Parque Patricios,outputs/BARRIDO_CIUDAD_2026-08/insumos/caba_comunas.geojson; caba_barrios.geojson,base/local.csv; anillo=nucleo; apto_geometria=true
POLO-R14,R14,Avenida Boedo,BARRIO,BARRIO_NUEVA_POMPEYA,Nueva Pompeya,9.673254,27,NO,mayor cantidad de locales; fallback mayor superficie,Comuna 5,Comuna 4;Comuna 3,Boedo;Almagro;Nueva Pompeya;San Cristobal;Parque Patricios,outputs/BARRIDO_CIUDAD_2026-08/insumos/caba_comunas.geojson; caba_barrios.geojson,base/local.csv; anillo=nucleo; apto_geometria=true
POLO-R14,R14,Avenida Boedo,BARRIO,BARRIO_PARQUE_PATRICIOS,Parque Patricios,0.113264,0,NO,mayor cantidad de locales; fallback mayor superficie,Comuna 5,Comuna 4;Comuna 3,Boedo;Almagro;Nueva Pompeya;San Cristobal;Parque Patricios,outputs/BARRIDO_CIUDAD_2026-08/insumos/caba_comunas.geojson; caba_barrios.geojson,base/local.csv; anillo=nucleo; apto_geometria=true
POLO-R14,R14,Avenida Boedo,BARRIO,BARRIO_SAN_CRISTOBAL,San Cristobal,0.711697,1,NO,mayor cantidad de locales; fallback mayor superficie,Comuna 5,Comuna 4;Comuna 3,Boedo;Almagro;Nueva Pompeya;San Cristobal;Parque Patricios,outputs/BARRIDO_CIUDAD_2026-08/insumos/caba_comunas.geojson; caba_barrios.geojson,base/local.csv; anillo=nucleo; apto_geometria=true
POLO-R14,R14,Avenida Boedo,COMUNA,COMUNA_03,Comuna 3,0.711697,1,NO,mayor cantidad de locales; fallback mayor superficie,Comuna 5,Comuna 4;Comuna 3,Boedo;Almagro;Nueva Pompeya;San Cristobal;Parque Patricios,outputs/BARRIDO_CIUDAD_2026-08/insumos/caba_comunas.geojson; caba_barrios.geojson,base/local.csv; anillo=nucleo; apto_geometria=true
POLO-R14,R14,Avenida Boedo,COMUNA,COMUNA_04,Comuna 4,9.786518,27,NO,mayor cantidad de locales; fallback mayor superficie,Comuna 5,Comuna 4;Comuna 3,Boedo;Almagro;Nueva Pompeya;San Cristobal;Parque Patricios,outputs/BARRIDO_CIUDAD_2026-08/insumos/caba_comunas.geojson; caba_barrios.geojson,base/local.csv; anillo=nucleo; apto_geometria=true
POLO-R14,R14,Avenida Boedo,COMUNA,COMUNA_05,Comuna 5,89.501785,217,SI,mayor cantidad de locales; fallback mayor superficie,Comuna 5,Comuna 4;Comuna 3,Boedo;Almagro;Nueva Pompeya;San Cristobal;Parque Patricios,outputs/BARRIDO_CIUDAD_2026-08/insumos/caba_comunas.geojson; caba_barrios.geojson,base/local.csv; anillo=nucleo; apto_geometria=true
POLO-R15,R15,Devoto,BARRIO,FUERA_COBERTURA_OFICIAL_BARRIO,Fuera de cobertura oficial,1.716514,0,NO,mayor cantidad de locales; fallback mayor superficie,Comuna 11,Comuna 10,Villa Devoto;Villa Real;Monte Castro,outputs/BARRIDO_CIUDAD_2026-08/insumos/caba_comunas.geojson; caba_barrios.geojson,base/local.csv; anillo=nucleo; apto_geometria=true
POLO-R15,R15,Devoto,BARRIO,BARRIO_MONTE_CASTRO,Monte Castro,0.470176,4,NO,mayor cantidad de locales; fallback mayor superficie,Comuna 11,Comuna 10,Villa Devoto;Villa Real;Monte Castro,outputs/BARRIDO_CIUDAD_2026-08/insumos/caba_comunas.geojson; caba_barrios.geojson,base/local.csv; anillo=nucleo; apto_geometria=true
POLO-R15,R15,Devoto,BARRIO,BARRIO_VILLA_DEVOTO,Villa Devoto,93.720637,377,SI,mayor cantidad de locales; fallback mayor superficie,Comuna 11,Comuna 10,Villa Devoto;Villa Real;Monte Castro,outputs/BARRIDO_CIUDAD_2026-08/insumos/caba_comunas.geojson; caba_barrios.geojson,base/local.csv; anillo=nucleo; apto_geometria=true
POLO-R15,R15,Devoto,BARRIO,BARRIO_VILLA_REAL,Villa Real,4.092672,41,NO,mayor cantidad de locales; fallback mayor superficie,Comuna 11,Comuna 10,Villa Devoto;Villa Real;Monte Castro,outputs/BARRIDO_CIUDAD_2026-08/insumos/caba_comunas.geojson; caba_barrios.geojson,base/local.csv; anillo=nucleo; apto_geometria=true
POLO-R15,R15,Devoto,COMUNA,COMUNA_10,Comuna 10,4.562849,45,NO,mayor cantidad de locales; fallback mayor superficie,Comuna 11,Comuna 10,Villa Devoto;Villa Real;Monte Castro,outputs/BARRIDO_CIUDAD_2026-08/insumos/caba_comunas.geojson; caba_barrios.geojson,base/local.csv; anillo=nucleo; apto_geometria=true
POLO-R15,R15,Devoto,COMUNA,COMUNA_11,Comuna 11,93.720637,377,SI,mayor cantidad de locales; fallback mayor superficie,Comuna 11,Comuna 10,Villa Devoto;Villa Real;Monte Castro,outputs/BARRIDO_CIUDAD_2026-08/insumos/caba_comunas.geojson; caba_barrios.geojson,base/local.csv; anillo=nucleo; apto_geometria=true
POLO-R15,R15,Devoto,COMUNA,FUERA_COBERTURA_OFICIAL_COMUNA,Fuera de cobertura oficial,1.716514,0,NO,mayor cantidad de locales; fallback mayor superficie,Comuna 11,Comuna 10,Villa Devoto;Villa Real;Monte Castro,outputs/BARRIDO_CIUDAD_2026-08/insumos/caba_comunas.geojson; caba_barrios.geojson,base/local.csv; anillo=nucleo; apto_geometria=true
POLO-R16,R16,Donado-Holmberg,BARRIO,BARRIO_COGHLAN,Coghlan,4.603915,3,NO,mayor cantidad de locales; fallback mayor superficie,Comuna 12,Comuna 15,Villa Urquiza;Villa Ortuzar;Coghlan;Saavedra,outputs/BARRIDO_CIUDAD_2026-08/insumos/caba_comunas.geojson; caba_barrios.geojson,base/local.csv; anillo=nucleo; apto_geometria=true
POLO-R16,R16,Donado-Holmberg,BARRIO,BARRIO_SAAVEDRA,Saavedra,5.190726,1,NO,mayor cantidad de locales; fallback mayor superficie,Comuna 12,Comuna 15,Villa Urquiza;Villa Ortuzar;Coghlan;Saavedra,outputs/BARRIDO_CIUDAD_2026-08/insumos/caba_comunas.geojson; caba_barrios.geojson,base/local.csv; anillo=nucleo; apto_geometria=true
POLO-R16,R16,Donado-Holmberg,BARRIO,BARRIO_VILLA_ORTUZAR,Villa Ortuzar,8.553846,16,NO,mayor cantidad de locales; fallback mayor superficie,Comuna 12,Comuna 15,Villa Urquiza;Villa Ortuzar;Coghlan;Saavedra,outputs/BARRIDO_CIUDAD_2026-08/insumos/caba_comunas.geojson; caba_barrios.geojson,base/local.csv; anillo=nucleo; apto_geometria=true
POLO-R16,R16,Donado-Holmberg,BARRIO,BARRIO_VILLA_URQUIZA,Villa Urquiza,81.651512,101,SI,mayor cantidad de locales; fallback mayor superficie,Comuna 12,Comuna 15,Villa Urquiza;Villa Ortuzar;Coghlan;Saavedra,outputs/BARRIDO_CIUDAD_2026-08/insumos/caba_comunas.geojson; caba_barrios.geojson,base/local.csv; anillo=nucleo; apto_geometria=true
POLO-R16,R16,Donado-Holmberg,COMUNA,COMUNA_12,Comuna 12,91.446154,105,SI,mayor cantidad de locales; fallback mayor superficie,Comuna 12,Comuna 15,Villa Urquiza;Villa Ortuzar;Coghlan;Saavedra,outputs/BARRIDO_CIUDAD_2026-08/insumos/caba_comunas.geojson; caba_barrios.geojson,base/local.csv; anillo=nucleo; apto_geometria=true
POLO-R16,R16,Donado-Holmberg,COMUNA,COMUNA_15,Comuna 15,8.553846,16,NO,mayor cantidad de locales; fallback mayor superficie,Comuna 12,Comuna 15,Villa Urquiza;Villa Ortuzar;Coghlan;Saavedra,outputs/BARRIDO_CIUDAD_2026-08/insumos/caba_comunas.geojson; caba_barrios.geojson,base/local.csv; anillo=nucleo; apto_geometria=true
POLO-R17,R17,Villa Urquiza,BARRIO,BARRIO_AGRONOMIA,Agronomia,0.435388,3,NO,mayor cantidad de locales; fallback mayor superficie,Comuna 12,Comuna 15,Villa Urquiza;Villa Ortuzar;Parque Chas;Saavedra;Agronomia,outputs/BARRIDO_CIUDAD_2026-08/insumos/caba_comunas.geojson; caba_barrios.geojson,base/local.csv; anillo=nucleo; apto_geometria=true
POLO-R17,R17,Villa Urquiza,BARRIO,BARRIO_PARQUE_CHAS,Parque Chas,4.475167,7,NO,mayor cantidad de locales; fallback mayor superficie,Comuna 12,Comuna 15,Villa Urquiza;Villa Ortuzar;Parque Chas;Saavedra;Agronomia,outputs/BARRIDO_CIUDAD_2026-08/insumos/caba_comunas.geojson; caba_barrios.geojson,base/local.csv; anillo=nucleo; apto_geometria=true
POLO-R17,R17,Villa Urquiza,BARRIO,BARRIO_SAAVEDRA,Saavedra,4.71159,3,NO,mayor cantidad de locales; fallback mayor superficie,Comuna 12,Comuna 15,Villa Urquiza;Villa Ortuzar;Parque Chas;Saavedra;Agronomia,outputs/BARRIDO_CIUDAD_2026-08/insumos/caba_comunas.geojson; caba_barrios.geojson,base/local.csv; anillo=nucleo; apto_geometria=true
POLO-R17,R17,Villa Urquiza,BARRIO,BARRIO_VILLA_ORTUZAR,Villa Ortuzar,2.361366,16,NO,mayor cantidad de locales; fallback mayor superficie,Comuna 12,Comuna 15,Villa Urquiza;Villa Ortuzar;Parque Chas;Saavedra;Agronomia,outputs/BARRIDO_CIUDAD_2026-08/insumos/caba_comunas.geojson; caba_barrios.geojson,base/local.csv; anillo=nucleo; apto_geometria=true
POLO-R17,R17,Villa Urquiza,BARRIO,BARRIO_VILLA_URQUIZA,Villa Urquiza,88.016489,499,SI,mayor cantidad de locales; fallback mayor superficie,Comuna 12,Comuna 15,Villa Urquiza;Villa Ortuzar;Parque Chas;Saavedra;Agronomia,outputs/BARRIDO_CIUDAD_2026-08/insumos/caba_comunas.geojson; caba_barrios.geojson,base/local.csv; anillo=nucleo; apto_geometria=true
POLO-R17,R17,Villa Urquiza,COMUNA,COMUNA_12,Comuna 12,92.728079,502,SI,mayor cantidad de locales; fallback mayor superficie,Comuna 12,Comuna 15,Villa Urquiza;Villa Ortuzar;Parque Chas;Saavedra;Agronomia,outputs/BARRIDO_CIUDAD_2026-08/insumos/caba_comunas.geojson; caba_barrios.geojson,base/local.csv; anillo=nucleo; apto_geometria=true
POLO-R17,R17,Villa Urquiza,COMUNA,COMUNA_15,Comuna 15,7.271921,26,NO,mayor cantidad de locales; fallback mayor superficie,Comuna 12,Comuna 15,Villa Urquiza;Villa Ortuzar;Parque Chas;Saavedra;Agronomia,outputs/BARRIDO_CIUDAD_2026-08/insumos/caba_comunas.geojson; caba_barrios.geojson,base/local.csv; anillo=nucleo; apto_geometria=true
POLO-R20,R20,Garcia del Rio,BARRIO,BARRIO_NUNEZ,Nuñez,3.817204,6,NO,mayor cantidad de locales; fallback mayor superficie,Comuna 12,Comuna 13,Saavedra;Nuñez,outputs/BARRIDO_CIUDAD_2026-08/insumos/caba_comunas.geojson; caba_barrios.geojson,base/local.csv; anillo=nucleo; apto_geometria=true
POLO-R20,R20,Garcia del Rio,BARRIO,BARRIO_SAAVEDRA,Saavedra,96.182796,96,SI,mayor cantidad de locales; fallback mayor superficie,Comuna 12,Comuna 13,Saavedra;Nuñez,outputs/BARRIDO_CIUDAD_2026-08/insumos/caba_comunas.geojson; caba_barrios.geojson,base/local.csv; anillo=nucleo; apto_geometria=true
POLO-R20,R20,Garcia del Rio,COMUNA,COMUNA_12,Comuna 12,96.182796,96,SI,mayor cantidad de locales; fallback mayor superficie,Comuna 12,Comuna 13,Saavedra;Nuñez,outputs/BARRIDO_CIUDAD_2026-08/insumos/caba_comunas.geojson; caba_barrios.geojson,base/local.csv; anillo=nucleo; apto_geometria=true
POLO-R20,R20,Garcia del Rio,COMUNA,COMUNA_13,Comuna 13,3.817204,6,NO,mayor cantidad de locales; fallback mayor superficie,Comuna 12,Comuna 13,Saavedra;Nuñez,outputs/BARRIDO_CIUDAD_2026-08/insumos/caba_comunas.geojson; caba_barrios.geojson,base/local.csv; anillo=nucleo; apto_geometria=true
POLO-R21,R21,La Paternal,BARRIO,BARRIO_AGRONOMIA,Agronomia,5.65057,1,NO,mayor cantidad de locales; fallback mayor superficie,Comuna 15,Comuna 11;Comuna 6,Paternal;Villa Crespo;Villa Gral. Mitre;Caballito;Parque Chas;Villa Ortuzar;Agronomia;Villa Del Parque;Chacarita,outputs/BARRIDO_CIUDAD_2026-08/insumos/caba_comunas.geojson; caba_barrios.geojson,base/local.csv; anillo=nucleo; apto_geometria=true
POLO-R21,R21,La Paternal,BARRIO,BARRIO_CABALLITO,Caballito,2.675462,30,NO,mayor cantidad de locales; fallback mayor superficie,Comuna 15,Comuna 11;Comuna 6,Paternal;Villa Crespo;Villa Gral. Mitre;Caballito;Parque Chas;Villa Ortuzar;Agronomia;Villa Del Parque;Chacarita,outputs/BARRIDO_CIUDAD_2026-08/insumos/caba_comunas.geojson; caba_barrios.geojson,base/local.csv; anillo=nucleo; apto_geometria=true
POLO-R21,R21,La Paternal,BARRIO,BARRIO_CHACARITA,Chacarita,3.69085,0,NO,mayor cantidad de locales; fallback mayor superficie,Comuna 15,Comuna 11;Comuna 6,Paternal;Villa Crespo;Villa Gral. Mitre;Caballito;Parque Chas;Villa Ortuzar;Agronomia;Villa Del Parque;Chacarita,outputs/BARRIDO_CIUDAD_2026-08/insumos/caba_comunas.geojson; caba_barrios.geojson,base/local.csv; anillo=nucleo; apto_geometria=true
POLO-R21,R21,La Paternal,BARRIO,BARRIO_PARQUE_CHAS,Parque Chas,4.633493,7,NO,mayor cantidad de locales; fallback mayor superficie,Comuna 15,Comuna 11;Comuna 6,Paternal;Villa Crespo;Villa Gral. Mitre;Caballito;Parque Chas;Villa Ortuzar;Agronomia;Villa Del Parque;Chacarita,outputs/BARRIDO_CIUDAD_2026-08/insumos/caba_comunas.geojson; caba_barrios.geojson,base/local.csv; anillo=nucleo; apto_geometria=true
POLO-R21,R21,La Paternal,BARRIO,BARRIO_PATERNAL,Paternal,53.08121,107,SI,mayor cantidad de locales; fallback mayor superficie,Comuna 15,Comuna 11;Comuna 6,Paternal;Villa Crespo;Villa Gral. Mitre;Caballito;Parque Chas;Villa Ortuzar;Agronomia;Villa Del Parque;Chacarita,outputs/BARRIDO_CIUDAD_2026-08/insumos/caba_comunas.geojson; caba_barrios.geojson,base/local.csv; anillo=nucleo; apto_geometria=true
POLO-R21,R21,La Paternal,BARRIO,BARRIO_VILLA_CRESPO,Villa Crespo,17.263916,98,NO,mayor cantidad de locales; fallback mayor superficie,Comuna 15,Comuna 11;Comuna 6,Paternal;Villa Crespo;Villa Gral. Mitre;Caballito;Parque Chas;Villa Ortuzar;Agronomia;Villa Del Parque;Chacarita,outputs/BARRIDO_CIUDAD_2026-08/insumos/caba_comunas.geojson; caba_barrios.geojson,base/local.csv; anillo=nucleo; apto_geometria=true
POLO-R21,R21,La Paternal,BARRIO,BARRIO_VILLA_DEL_PARQUE,Villa Del Parque,4.6355,1,NO,mayor cantidad de locales; fallback mayor superficie,Comuna 15,Comuna 11;Comuna 6,Paternal;Villa Crespo;Villa Gral. Mitre;Caballito;Parque Chas;Villa Ortuzar;Agronomia;Villa Del Parque;Chacarita,outputs/BARRIDO_CIUDAD_2026-08/insumos/caba_comunas.geojson; caba_barrios.geojson,base/local.csv; anillo=nucleo; apto_geometria=true
POLO-R21,R21,La Paternal,BARRIO,BARRIO_VILLA_GRAL_MITRE,Villa Gral. Mitre,6.245827,44,NO,mayor cantidad de locales; fallback mayor superficie,Comuna 15,Comuna 11;Comuna 6,Paternal;Villa Crespo;Villa Gral. Mitre;Caballito;Parque Chas;Villa Ortuzar;Agronomia;Villa Del Parque;Chacarita,outputs/BARRIDO_CIUDAD_2026-08/insumos/caba_comunas.geojson; caba_barrios.geojson,base/local.csv; anillo=nucleo; apto_geometria=true
POLO-R21,R21,La Paternal,BARRIO,BARRIO_VILLA_ORTUZAR,Villa Ortuzar,2.12317,5,NO,mayor cantidad de locales; fallback mayor superficie,Comuna 15,Comuna 11;Comuna 6,Paternal;Villa Crespo;Villa Gral. Mitre;Caballito;Parque Chas;Villa Ortuzar;Agronomia;Villa Del Parque;Chacarita,outputs/BARRIDO_CIUDAD_2026-08/insumos/caba_comunas.geojson; caba_barrios.geojson,base/local.csv; anillo=nucleo; apto_geometria=true
POLO-R21,R21,La Paternal,COMUNA,COMUNA_11,Comuna 11,10.881328,45,NO,mayor cantidad de locales; fallback mayor superficie,Comuna 15,Comuna 11;Comuna 6,Paternal;Villa Crespo;Villa Gral. Mitre;Caballito;Parque Chas;Villa Ortuzar;Agronomia;Villa Del Parque;Chacarita,outputs/BARRIDO_CIUDAD_2026-08/insumos/caba_comunas.geojson; caba_barrios.geojson,base/local.csv; anillo=nucleo; apto_geometria=true
POLO-R21,R21,La Paternal,COMUNA,COMUNA_15,Comuna 15,86.44321,218,SI,mayor cantidad de locales; fallback mayor superficie,Comuna 15,Comuna 11;Comuna 6,Paternal;Villa Crespo;Villa Gral. Mitre;Caballito;Parque Chas;Villa Ortuzar;Agronomia;Villa Del Parque;Chacarita,outputs/BARRIDO_CIUDAD_2026-08/insumos/caba_comunas.geojson; caba_barrios.geojson,base/local.csv; anillo=nucleo; apto_geometria=true
POLO-R21,R21,La Paternal,COMUNA,COMUNA_06,Comuna 6,2.675462,30,NO,mayor cantidad de locales; fallback mayor superficie,Comuna 15,Comuna 11;Comuna 6,Paternal;Villa Crespo;Villa Gral. Mitre;Caballito;Parque Chas;Villa Ortuzar;Agronomia;Villa Del Parque;Chacarita,outputs/BARRIDO_CIUDAD_2026-08/insumos/caba_comunas.geojson; caba_barrios.geojson,base/local.csv; anillo=nucleo; apto_geometria=true
POLO-Z24,Z24,Flores · Avellaneda y Pasaje Ruperto Godoy,BARRIO,BARRIO_FLORES,Flores,79.35691,82,SI,mayor cantidad de locales; fallback mayor superficie,Comuna 7,Comuna 10;Comuna 11,Flores;Floresta;Villa Santa Rita,outputs/BARRIDO_CIUDAD_2026-08/insumos/caba_comunas.geojson; caba_barrios.geojson,base/local.csv; anillo=nucleo; apto_geometria=true
POLO-Z24,Z24,Flores · Avellaneda y Pasaje Ruperto Godoy,BARRIO,BARRIO_FLORESTA,Floresta,19.31136,23,NO,mayor cantidad de locales; fallback mayor superficie,Comuna 7,Comuna 10;Comuna 11,Flores;Floresta;Villa Santa Rita,outputs/BARRIDO_CIUDAD_2026-08/insumos/caba_comunas.geojson; caba_barrios.geojson,base/local.csv; anillo=nucleo; apto_geometria=true
POLO-Z24,Z24,Flores · Avellaneda y Pasaje Ruperto Godoy,BARRIO,BARRIO_VILLA_SANTA_RITA,Villa Santa Rita,1.33173,2,NO,mayor cantidad de locales; fallback mayor superficie,Comuna 7,Comuna 10;Comuna 11,Flores;Floresta;Villa Santa Rita,outputs/BARRIDO_CIUDAD_2026-08/insumos/caba_comunas.geojson; caba_barrios.geojson,base/local.csv; anillo=nucleo; apto_geometria=true
POLO-Z24,Z24,Flores · Avellaneda y Pasaje Ruperto Godoy,COMUNA,COMUNA_10,Comuna 10,19.31136,23,NO,mayor cantidad de locales; fallback mayor superficie,Comuna 7,Comuna 10;Comuna 11,Flores;Floresta;Villa Santa Rita,outputs/BARRIDO_CIUDAD_2026-08/insumos/caba_comunas.geojson; caba_barrios.geojson,base/local.csv; anillo=nucleo; apto_geometria=true
POLO-Z24,Z24,Flores · Avellaneda y Pasaje Ruperto Godoy,COMUNA,COMUNA_11,Comuna 11,1.33173,2,NO,mayor cantidad de locales; fallback mayor superficie,Comuna 7,Comuna 10;Comuna 11,Flores;Floresta;Villa Santa Rita,outputs/BARRIDO_CIUDAD_2026-08/insumos/caba_comunas.geojson; caba_barrios.geojson,base/local.csv; anillo=nucleo; apto_geometria=true
POLO-Z24,Z24,Flores · Avellaneda y Pasaje Ruperto Godoy,COMUNA,COMUNA_07,Comuna 7,79.35691,82,SI,mayor cantidad de locales; fallback mayor superficie,Comuna 7,Comuna 10;Comuna 11,Flores;Floresta;Villa Santa Rita,outputs/BARRIDO_CIUDAD_2026-08/insumos/caba_comunas.geojson; caba_barrios.geojson,base/local.csv; anillo=nucleo; apto_geometria=true
POLO-Z27,Z27,Villa Santa Rita,BARRIO,BARRIO_FLORES,Flores,0.012992,0,NO,mayor cantidad de locales; fallback mayor superficie,Comuna 11,Comuna 10;Comuna 7,Villa Santa Rita;Floresta;Flores;Monte Castro,outputs/BARRIDO_CIUDAD_2026-08/insumos/caba_comunas.geojson; caba_barrios.geojson,base/local.csv; anillo=nucleo; apto_geometria=true
POLO-Z27,Z27,Villa Santa Rita,BARRIO,BARRIO_FLORESTA,Floresta,0.035434,0,NO,mayor cantidad de locales; fallback mayor superficie,Comuna 11,Comuna 10;Comuna 7,Villa Santa Rita;Floresta;Flores;Monte Castro,outputs/BARRIDO_CIUDAD_2026-08/insumos/caba_comunas.geojson; caba_barrios.geojson,base/local.csv; anillo=nucleo; apto_geometria=true
POLO-Z27,Z27,Villa Santa Rita,BARRIO,BARRIO_MONTE_CASTRO,Monte Castro,0.00533,0,NO,mayor cantidad de locales; fallback mayor superficie,Comuna 11,Comuna 10;Comuna 7,Villa Santa Rita;Floresta;Flores;Monte Castro,outputs/BARRIDO_CIUDAD_2026-08/insumos/caba_comunas.geojson; caba_barrios.geojson,base/local.csv; anillo=nucleo; apto_geometria=true
POLO-Z27,Z27,Villa Santa Rita,BARRIO,BARRIO_VILLA_SANTA_RITA,Villa Santa Rita,99.946245,182,SI,mayor cantidad de locales; fallback mayor superficie,Comuna 11,Comuna 10;Comuna 7,Villa Santa Rita;Floresta;Flores;Monte Castro,outputs/BARRIDO_CIUDAD_2026-08/insumos/caba_comunas.geojson; caba_barrios.geojson,base/local.csv; anillo=nucleo; apto_geometria=true
POLO-Z27,Z27,Villa Santa Rita,COMUNA,COMUNA_10,Comuna 10,0.040763,0,NO,mayor cantidad de locales; fallback mayor superficie,Comuna 11,Comuna 10;Comuna 7,Villa Santa Rita;Floresta;Flores;Monte Castro,outputs/BARRIDO_CIUDAD_2026-08/insumos/caba_comunas.geojson; caba_barrios.geojson,base/local.csv; anillo=nucleo; apto_geometria=true
POLO-Z27,Z27,Villa Santa Rita,COMUNA,COMUNA_11,Comuna 11,99.946245,182,SI,mayor cantidad de locales; fallback mayor superficie,Comuna 11,Comuna 10;Comuna 7,Villa Santa Rita;Floresta;Flores;Monte Castro,outputs/BARRIDO_CIUDAD_2026-08/insumos/caba_comunas.geojson; caba_barrios.geojson,base/local.csv; anillo=nucleo; apto_geometria=true
POLO-Z27,Z27,Villa Santa Rita,COMUNA,COMUNA_07,Comuna 7,0.012992,0,NO,mayor cantidad de locales; fallback mayor superficie,Comuna 11,Comuna 10;Comuna 7,Villa Santa Rita;Floresta;Flores;Monte Castro,outputs/BARRIDO_CIUDAD_2026-08/insumos/caba_comunas.geojson; caba_barrios.geojson,base/local.csv; anillo=nucleo; apto_geometria=true
POLO-Z28,Z28,Monte Castro,BARRIO,BARRIO_MONTE_CASTRO,Monte Castro,100.0,69,SI,mayor cantidad de locales; fallback mayor superficie,Comuna 10,,Monte Castro,outputs/BARRIDO_CIUDAD_2026-08/insumos/caba_comunas.geojson; caba_barrios.geojson,base/local.csv; anillo=nucleo; apto_geometria=true
POLO-Z28,Z28,Monte Castro,COMUNA,COMUNA_10,Comuna 10,100.0,69,SI,mayor cantidad de locales; fallback mayor superficie,Comuna 10,,Monte Castro,outputs/BARRIDO_CIUDAD_2026-08/insumos/caba_comunas.geojson; caba_barrios.geojson,base/local.csv; anillo=nucleo; apto_geometria=true
POLO-Z31,Z31,Villa Luro,BARRIO,BARRIO_VILLA_LURO,Villa Luro,100.0,41,SI,mayor cantidad de locales; fallback mayor superficie,Comuna 10,,Villa Luro,outputs/BARRIDO_CIUDAD_2026-08/insumos/caba_comunas.geojson; caba_barrios.geojson,base/local.csv; anillo=nucleo; apto_geometria=true
POLO-Z31,Z31,Villa Luro,COMUNA,COMUNA_10,Comuna 10,100.0,41,SI,mayor cantidad de locales; fallback mayor superficie,Comuna 10,,Villa Luro,outputs/BARRIDO_CIUDAD_2026-08/insumos/caba_comunas.geojson; caba_barrios.geojson,base/local.csv; anillo=nucleo; apto_geometria=true
POLO-Z32,Z32,Liniers · Mercado Andino,BARRIO,BARRIO_LINIERS,Liniers,100.0,63,SI,mayor cantidad de locales; fallback mayor superficie,Comuna 9,,Liniers,outputs/BARRIDO_CIUDAD_2026-08/insumos/caba_comunas.geojson; caba_barrios.geojson,base/local.csv; anillo=nucleo; apto_geometria=true
POLO-Z32,Z32,Liniers · Mercado Andino,COMUNA,COMUNA_09,Comuna 9,100.0,63,SI,mayor cantidad de locales; fallback mayor superficie,Comuna 9,,Liniers,outputs/BARRIDO_CIUDAD_2026-08/insumos/caba_comunas.geojson; caba_barrios.geojson,base/local.csv; anillo=nucleo; apto_geometria=true
POLO-Z33,Z33,Mataderos,BARRIO,BARRIO_MATADEROS,Mataderos,100.0,17,SI,mayor cantidad de locales; fallback mayor superficie,Comuna 9,,Mataderos,outputs/BARRIDO_CIUDAD_2026-08/insumos/caba_comunas.geojson; caba_barrios.geojson,base/local.csv; anillo=nucleo; apto_geometria=true
POLO-Z33,Z33,Mataderos,COMUNA,COMUNA_09,Comuna 9,100.0,17,SI,mayor cantidad de locales; fallback mayor superficie,Comuna 9,,Mataderos,outputs/BARRIDO_CIUDAD_2026-08/insumos/caba_comunas.geojson; caba_barrios.geojson,base/local.csv; anillo=nucleo; apto_geometria=true
POLO-Z35,Z35,Balvanera · Once,BARRIO,BARRIO_BALVANERA,Balvanera,100.0,74,SI,mayor cantidad de locales; fallback mayor superficie,Comuna 3,,Balvanera,outputs/BARRIDO_CIUDAD_2026-08/insumos/caba_comunas.geojson; caba_barrios.geojson,base/local.csv; anillo=nucleo; apto_geometria=true
POLO-Z35,Z35,Balvanera · Once,COMUNA,COMUNA_03,Comuna 3,100.0,74,SI,mayor cantidad de locales; fallback mayor superficie,Comuna 3,,Balvanera,outputs/BARRIDO_CIUDAD_2026-08/insumos/caba_comunas.geojson; caba_barrios.geojson,base/local.csv; anillo=nucleo; apto_geometria=true
POLO-Z37,Z37,Almagro,BARRIO,BARRIO_ALMAGRO,Almagro,100.0,114,SI,mayor cantidad de locales; fallback mayor superficie,Comuna 5,,Almagro,outputs/BARRIDO_CIUDAD_2026-08/insumos/caba_comunas.geojson; caba_barrios.geojson,base/local.csv; anillo=nucleo; apto_geometria=true
POLO-Z37,Z37,Almagro,COMUNA,COMUNA_05,Comuna 5,100.0,114,SI,mayor cantidad de locales; fallback mayor superficie,Comuna 5,,Almagro,outputs/BARRIDO_CIUDAD_2026-08/insumos/caba_comunas.geojson; caba_barrios.geojson,base/local.csv; anillo=nucleo; apto_geometria=true
POLO-Z39,Z39,Parque Avellaneda,BARRIO,BARRIO_PARQUE_AVELLANEDA,Parque Avellaneda,100.0,11,SI,mayor cantidad de locales; fallback mayor superficie,Comuna 9,,Parque Avellaneda,outputs/BARRIDO_CIUDAD_2026-08/insumos/caba_comunas.geojson; caba_barrios.geojson,base/local.csv; anillo=nucleo; apto_geometria=true
POLO-Z39,Z39,Parque Avellaneda,COMUNA,COMUNA_09,Comuna 9,100.0,11,SI,mayor cantidad de locales; fallback mayor superficie,Comuna 9,,Parque Avellaneda,outputs/BARRIDO_CIUDAD_2026-08/insumos/caba_comunas.geojson; caba_barrios.geojson,base/local.csv; anillo=nucleo; apto_geometria=true
POLO-Z39B,Z39b,Baek-ku · Barrio Coreano,BARRIO,BARRIO_FLORES,Flores,58.072631,27,SI,mayor cantidad de locales; fallback mayor superficie,Comuna 7,,Flores;Parque Chacabuco,outputs/BARRIDO_CIUDAD_2026-08/insumos/caba_comunas.geojson; caba_barrios.geojson,base/local.csv; anillo=nucleo; apto_geometria=true
POLO-Z39B,Z39b,Baek-ku · Barrio Coreano,BARRIO,BARRIO_PARQUE_CHACABUCO,Parque Chacabuco,41.927369,11,NO,mayor cantidad de locales; fallback mayor superficie,Comuna 7,,Flores;Parque Chacabuco,outputs/BARRIDO_CIUDAD_2026-08/insumos/caba_comunas.geojson; caba_barrios.geojson,base/local.csv; anillo=nucleo; apto_geometria=true
POLO-Z39B,Z39b,Baek-ku · Barrio Coreano,COMUNA,COMUNA_07,Comuna 7,100.0,38,SI,mayor cantidad de locales; fallback mayor superficie,Comuna 7,,Flores;Parque Chacabuco,outputs/BARRIDO_CIUDAD_2026-08/insumos/caba_comunas.geojson; caba_barrios.geojson,base/local.csv; anillo=nucleo; apto_geometria=true
POLO-Z40,Z40,Nueva Pompeya y Parque Patricios,BARRIO,BARRIO_NUEVA_POMPEYA,Nueva Pompeya,57.033955,52,NO,mayor cantidad de locales; fallback mayor superficie,Comuna 4,,Parque Patricios;Nueva Pompeya,outputs/BARRIDO_CIUDAD_2026-08/insumos/caba_comunas.geojson; caba_barrios.geojson,base/local.csv; anillo=nucleo; apto_geometria=true
POLO-Z40,Z40,Nueva Pompeya y Parque Patricios,BARRIO,BARRIO_PARQUE_PATRICIOS,Parque Patricios,42.966045,60,SI,mayor cantidad de locales; fallback mayor superficie,Comuna 4,,Parque Patricios;Nueva Pompeya,outputs/BARRIDO_CIUDAD_2026-08/insumos/caba_comunas.geojson; caba_barrios.geojson,base/local.csv; anillo=nucleo; apto_geometria=true
POLO-Z40,Z40,Nueva Pompeya y Parque Patricios,COMUNA,COMUNA_04,Comuna 4,100.0,112,SI,mayor cantidad de locales; fallback mayor superficie,Comuna 4,,Parque Patricios;Nueva Pompeya,outputs/BARRIDO_CIUDAD_2026-08/insumos/caba_comunas.geojson; caba_barrios.geojson,base/local.csv; anillo=nucleo; apto_geometria=true
POLO-Z41,Z41,Nunez,BARRIO,BARRIO_BELGRANO,Belgrano,0.0,0,NO,mayor cantidad de locales; fallback mayor superficie,Comuna 13,Comuna 12,Nuñez;Belgrano;Saavedra;Coghlan,outputs/BARRIDO_CIUDAD_2026-08/insumos/caba_comunas.geojson; caba_barrios.geojson,base/local.csv; anillo=nucleo; apto_geometria=true
POLO-Z41,Z41,Nunez,BARRIO,BARRIO_COGHLAN,Coghlan,0.0,0,NO,mayor cantidad de locales; fallback mayor superficie,Comuna 13,Comuna 12,Nuñez;Belgrano;Saavedra;Coghlan,outputs/BARRIDO_CIUDAD_2026-08/insumos/caba_comunas.geojson; caba_barrios.geojson,base/local.csv; anillo=nucleo; apto_geometria=true
POLO-Z41,Z41,Nunez,BARRIO,BARRIO_NUNEZ,Nuñez,100.0,494,SI,mayor cantidad de locales; fallback mayor superficie,Comuna 13,Comuna 12,Nuñez;Belgrano;Saavedra;Coghlan,outputs/BARRIDO_CIUDAD_2026-08/insumos/caba_comunas.geojson; caba_barrios.geojson,base/local.csv; anillo=nucleo; apto_geometria=true
POLO-Z41,Z41,Nunez,BARRIO,BARRIO_SAAVEDRA,Saavedra,0.0,0,NO,mayor cantidad de locales; fallback mayor superficie,Comuna 13,Comuna 12,Nuñez;Belgrano;Saavedra;Coghlan,outputs/BARRIDO_CIUDAD_2026-08/insumos/caba_comunas.geojson; caba_barrios.geojson,base/local.csv; anillo=nucleo; apto_geometria=true
POLO-Z41,Z41,Nunez,COMUNA,COMUNA_12,Comuna 12,0.0,0,NO,mayor cantidad de locales; fallback mayor superficie,Comuna 13,Comuna 12,Nuñez;Belgrano;Saavedra;Coghlan,outputs/BARRIDO_CIUDAD_2026-08/insumos/caba_comunas.geojson; caba_barrios.geojson,base/local.csv; anillo=nucleo; apto_geometria=true
POLO-Z41,Z41,Nunez,COMUNA,COMUNA_13,Comuna 13,100.0,494,SI,mayor cantidad de locales; fallback mayor superficie,Comuna 13,Comuna 12,Nuñez;Belgrano;Saavedra;Coghlan,outputs/BARRIDO_CIUDAD_2026-08/insumos/caba_comunas.geojson; caba_barrios.geojson,base/local.csv; anillo=nucleo; apto_geometria=true
POLO-Z44,Z44,Villa Ortuzar,BARRIO,BARRIO_CHACARITA,Chacarita,33.9727,12,NO,mayor cantidad de locales; fallback mayor superficie,Comuna 15,Comuna 13,Villa Ortuzar;Colegiales;Chacarita,outputs/BARRIDO_CIUDAD_2026-08/insumos/caba_comunas.geojson; caba_barrios.geojson,base/local.csv; anillo=nucleo; apto_geometria=true
POLO-Z44,Z44,Villa Ortuzar,BARRIO,BARRIO_COLEGIALES,Colegiales,34.89557,23,NO,mayor cantidad de locales; fallback mayor superficie,Comuna 15,Comuna 13,Villa Ortuzar;Colegiales;Chacarita,outputs/BARRIDO_CIUDAD_2026-08/insumos/caba_comunas.geojson; caba_barrios.geojson,base/local.csv; anillo=nucleo; apto_geometria=true
POLO-Z44,Z44,Villa Ortuzar,BARRIO,BARRIO_VILLA_ORTUZAR,Villa Ortuzar,31.13173,34,SI,mayor cantidad de locales; fallback mayor superficie,Comuna 15,Comuna 13,Villa Ortuzar;Colegiales;Chacarita,outputs/BARRIDO_CIUDAD_2026-08/insumos/caba_comunas.geojson; caba_barrios.geojson,base/local.csv; anillo=nucleo; apto_geometria=true
POLO-Z44,Z44,Villa Ortuzar,COMUNA,COMUNA_13,Comuna 13,34.89557,23,NO,mayor cantidad de locales; fallback mayor superficie,Comuna 15,Comuna 13,Villa Ortuzar;Colegiales;Chacarita,outputs/BARRIDO_CIUDAD_2026-08/insumos/caba_comunas.geojson; caba_barrios.geojson,base/local.csv; anillo=nucleo; apto_geometria=true
POLO-Z44,Z44,Villa Ortuzar,COMUNA,COMUNA_15,Comuna 15,65.10443,46,SI,mayor cantidad de locales; fallback mayor superficie,Comuna 15,Comuna 13,Villa Ortuzar;Colegiales;Chacarita,outputs/BARRIDO_CIUDAD_2026-08/insumos/caba_comunas.geojson; caba_barrios.geojson,base/local.csv; anillo=nucleo; apto_geometria=true
POLO-Z46,Z46,Retiro,BARRIO,FUERA_COBERTURA_OFICIAL_BARRIO,Fuera de cobertura oficial,0.093674,0,NO,mayor cantidad de locales; fallback mayor superficie,Comuna 1,Comuna 2,Retiro;San Nicolas;Recoleta;Puerto Madero,outputs/BARRIDO_CIUDAD_2026-08/insumos/caba_comunas.geojson; caba_barrios.geojson,base/local.csv; anillo=nucleo; apto_geometria=true
POLO-Z46,Z46,Retiro,BARRIO,BARRIO_PUERTO_MADERO,Puerto Madero,0.01267,0,NO,mayor cantidad de locales; fallback mayor superficie,Comuna 1,Comuna 2,Retiro;San Nicolas;Recoleta;Puerto Madero,outputs/BARRIDO_CIUDAD_2026-08/insumos/caba_comunas.geojson; caba_barrios.geojson,base/local.csv; anillo=nucleo; apto_geometria=true
POLO-Z46,Z46,Retiro,BARRIO,BARRIO_RECOLETA,Recoleta,0.035493,0,NO,mayor cantidad de locales; fallback mayor superficie,Comuna 1,Comuna 2,Retiro;San Nicolas;Recoleta;Puerto Madero,outputs/BARRIDO_CIUDAD_2026-08/insumos/caba_comunas.geojson; caba_barrios.geojson,base/local.csv; anillo=nucleo; apto_geometria=true
POLO-Z46,Z46,Retiro,BARRIO,BARRIO_RETIRO,Retiro,97.54413,346,SI,mayor cantidad de locales; fallback mayor superficie,Comuna 1,Comuna 2,Retiro;San Nicolas;Recoleta;Puerto Madero,outputs/BARRIDO_CIUDAD_2026-08/insumos/caba_comunas.geojson; caba_barrios.geojson,base/local.csv; anillo=nucleo; apto_geometria=true
POLO-Z46,Z46,Retiro,BARRIO,BARRIO_SAN_NICOLAS,San Nicolas,2.314032,68,NO,mayor cantidad de locales; fallback mayor superficie,Comuna 1,Comuna 2,Retiro;San Nicolas;Recoleta;Puerto Madero,outputs/BARRIDO_CIUDAD_2026-08/insumos/caba_comunas.geojson; caba_barrios.geojson,base/local.csv; anillo=nucleo; apto_geometria=true
POLO-Z46,Z46,Retiro,COMUNA,COMUNA_01,Comuna 1,99.870833,414,SI,mayor cantidad de locales; fallback mayor superficie,Comuna 1,Comuna 2,Retiro;San Nicolas;Recoleta;Puerto Madero,outputs/BARRIDO_CIUDAD_2026-08/insumos/caba_comunas.geojson; caba_barrios.geojson,base/local.csv; anillo=nucleo; apto_geometria=true
POLO-Z46,Z46,Retiro,COMUNA,COMUNA_02,Comuna 2,0.035493,0,NO,mayor cantidad de locales; fallback mayor superficie,Comuna 1,Comuna 2,Retiro;San Nicolas;Recoleta;Puerto Madero,outputs/BARRIDO_CIUDAD_2026-08/insumos/caba_comunas.geojson; caba_barrios.geojson,base/local.csv; anillo=nucleo; apto_geometria=true
POLO-Z46,Z46,Retiro,COMUNA,FUERA_COBERTURA_OFICIAL_COMUNA,Fuera de cobertura oficial,0.093674,0,NO,mayor cantidad de locales; fallback mayor superficie,Comuna 1,Comuna 2,Retiro;San Nicolas;Recoleta;Puerto Madero,outputs/BARRIDO_CIUDAD_2026-08/insumos/caba_comunas.geojson; caba_barrios.geojson,base/local.csv; anillo=nucleo; apto_geometria=true
POLO-Z47,Z47,Monserrat y Congreso,BARRIO,BARRIO_MONSERRAT,Monserrat,99.820911,133,SI,mayor cantidad de locales; fallback mayor superficie,Comuna 1,,Monserrat;San Nicolas,outputs/BARRIDO_CIUDAD_2026-08/insumos/caba_comunas.geojson; caba_barrios.geojson,base/local.csv; anillo=nucleo; apto_geometria=true
POLO-Z47,Z47,Monserrat y Congreso,BARRIO,BARRIO_SAN_NICOLAS,San Nicolas,0.179089,0,NO,mayor cantidad de locales; fallback mayor superficie,Comuna 1,,Monserrat;San Nicolas,outputs/BARRIDO_CIUDAD_2026-08/insumos/caba_comunas.geojson; caba_barrios.geojson,base/local.csv; anillo=nucleo; apto_geometria=true
POLO-Z47,Z47,Monserrat y Congreso,COMUNA,COMUNA_01,Comuna 1,100.0,133,SI,mayor cantidad de locales; fallback mayor superficie,Comuna 1,,Monserrat;San Nicolas,outputs/BARRIDO_CIUDAD_2026-08/insumos/caba_comunas.geojson; caba_barrios.geojson,base/local.csv; anillo=nucleo; apto_geometria=true
POLO-Z50,Z50,Barracas · Av. Montes de Oca,BARRIO,BARRIO_BARRACAS,Barracas,100.0,84,SI,mayor cantidad de locales; fallback mayor superficie,Comuna 4,,Barracas,outputs/BARRIDO_CIUDAD_2026-08/insumos/caba_comunas.geojson; caba_barrios.geojson,base/local.csv; anillo=nucleo; apto_geometria=true
POLO-Z50,Z50,Barracas · Av. Montes de Oca,COMUNA,COMUNA_04,Comuna 4,100.0,84,SI,mayor cantidad de locales; fallback mayor superficie,Comuna 4,,Barracas,outputs/BARRIDO_CIUDAD_2026-08/insumos/caba_comunas.geojson; caba_barrios.geojson,base/local.csv; anillo=nucleo; apto_geometria=true
POLO-Z51,Z51,"Barracas · Iriarte, California y Vieytes",BARRIO,BARRIO_BARRACAS,Barracas,100.0,12,SI,mayor cantidad de locales; fallback mayor superficie,Comuna 4,,Barracas,outputs/BARRIDO_CIUDAD_2026-08/insumos/caba_comunas.geojson; caba_barrios.geojson,base/local.csv; anillo=nucleo; apto_geometria=true
POLO-Z51,Z51,"Barracas · Iriarte, California y Vieytes",COMUNA,COMUNA_04,Comuna 4,100.0,12,SI,mayor cantidad de locales; fallback mayor superficie,Comuna 4,,Barracas,outputs/BARRIDO_CIUDAD_2026-08/insumos/caba_comunas.geojson; caba_barrios.geojson,base/local.csv; anillo=nucleo; apto_geometria=true
POLO-Z52,Z52,La Boca · Almirante Brown y Necochea,BARRIO,BARRIO_BOCA,Boca,100.0,21,SI,mayor cantidad de locales; fallback mayor superficie,Comuna 4,,Boca,outputs/BARRIDO_CIUDAD_2026-08/insumos/caba_comunas.geojson; caba_barrios.geojson,base/local.csv; anillo=nucleo; apto_geometria=true
POLO-Z52,Z52,La Boca · Almirante Brown y Necochea,COMUNA,COMUNA_04,Comuna 4,100.0,21,SI,mayor cantidad de locales; fallback mayor superficie,Comuna 4,,Boca,outputs/BARRIDO_CIUDAD_2026-08/insumos/caba_comunas.geojson; caba_barrios.geojson,base/local.csv; anillo=nucleo; apto_geometria=true
POLO-Z53,Z53,La Boca · Caminito y Vuelta de Rocha,BARRIO,BARRIO_BOCA,Boca,100.0,37,SI,mayor cantidad de locales; fallback mayor superficie,Comuna 4,,Boca,outputs/BARRIDO_CIUDAD_2026-08/insumos/caba_comunas.geojson; caba_barrios.geojson,base/local.csv; anillo=nucleo; apto_geometria=true
POLO-Z53,Z53,La Boca · Caminito y Vuelta de Rocha,COMUNA,COMUNA_04,Comuna 4,100.0,37,SI,mayor cantidad de locales; fallback mayor superficie,Comuna 4,,Boca,outputs/BARRIDO_CIUDAD_2026-08/insumos/caba_comunas.geojson; caba_barrios.geojson,base/local.csv; anillo=nucleo; apto_geometria=true
PIEZA-Z54,Z54,Nueva Pompeya · eje Av. Saenz,BARRIO,BARRIO_NUEVA_POMPEYA,Nueva Pompeya,100.0,52,SI,mayor cantidad de locales; fallback mayor superficie,Comuna 4,,Nueva Pompeya,outputs/BARRIDO_CIUDAD_2026-08/insumos/caba_comunas.geojson; caba_barrios.geojson,base/local.csv; anillo=nucleo; apto_geometria=true
PIEZA-Z54,Z54,Nueva Pompeya · eje Av. Saenz,COMUNA,COMUNA_04,Comuna 4,100.0,52,SI,mayor cantidad de locales; fallback mayor superficie,Comuna 4,,Nueva Pompeya,outputs/BARRIDO_CIUDAD_2026-08/insumos/caba_comunas.geojson; caba_barrios.geojson,base/local.csv; anillo=nucleo; apto_geometria=true
