polo_id,n_locales,ha,vertices,ratio_concavidad,tolerancia_simplificacion_m,recortado_a_manzana,locales_x_ha
P001,44,12.112429461429814,9,0.55,0,False,3.6326320941732866
P002,68,63.364720710371714,19,0.55,0,False,1.073152366769125
P003,91,39.82333601210978,12,0.55,0,False,2.2850923381287807
P004,141,144.02072587909103,24,0.55,0,False,0.9790257557677705
P005,100,100.93965176039146,19,0.55,0,False,0.9906909550012915
P006,48,28.178067052355257,15,0.55,0,False,1.7034525438105923
P007,45,8.9557837535065,11,0.55,0,False,5.024685860953369
P008,49,23.518929582920514,19,0.55,0,False,2.0834281520866442
P009,50,24.64685658382471,18,0.55,0,False,2.028656264134474
P010,43,10.630618316021177,12,0.55,0,False,4.044919939905624
P011,41,7.079614116768343,20,0.55,0,False,5.791276095527565
P012,90,32.805285966807084,18,0.55,0,False,2.7434603097520154
P013,42,10.787468867573283,13,0.55,0,False,3.89340636951921
P014,64,45.628558187003364,10,0.55,0,False,1.4026303381689909
P015,50,12.123191662682718,18,0.55,0,False,4.124326447292643
P016,105,26.722067872289987,20,0.55,0,False,3.929336625511754
P017,108,69.79767675522393,17,0.55,0,False,1.5473294387540895
P018-1,62,14.38202127662633,11,0.55,0,False,4.310937858280215
P018-2,73,11.038424879247879,16,0.55,0,False,6.613262381052139
P019,41,20.777378627534535,16,0.55,0,False,1.9732999400447033
P020,94,25.09540719313766,13,0.55,0,False,3.7457053107990337
P021,262,77.8641522148982,16,0.55,0,False,3.3648346838337506
P022,93,53.589670728132965,23,0.55,0,False,1.7354090580589778
P023,42,14.486595541573177,13,0.55,0,False,2.899231905762104
P024,103,50.423453312130995,16,0.55,0,False,2.0427002363842464
P025-1,42,10.193962627981364,15,0.55,0,False,4.120085734345777
P025-2,47,4.886909507820831,17,0.55,0,False,9.617530245809323
P026,67,27.04120454931641,14,0.55,0,False,2.4777002769166114
P027,189,100.83811852882299,21,0.55,0,False,1.8742912180176916
P028,60,12.04535572887688,14,0.55,0,False,4.9811729392233115
P029,45,13.346518629922485,14,0.55,0,False,3.3716657690127056
P030,117,29.465547142485093,16,0.55,0,False,3.9707390951957846
P031,42,7.579250173102801,17,0.55,0,False,5.541445267112222
P032,105,20.886619412848365,16,0.55,0,False,5.027141919166175
P033,52,16.675796022053046,14,0.55,0,False,3.118291920291671
P034,40,10.659959453195823,10,0.55,0,False,3.7523594883851197
P035,42,9.386535051042657,16,0.55,0,False,4.4744945575348
P036,41,9.856994306054817,16,0.55,0,False,4.159482974928279
P037,142,40.81062383901739,19,0.55,0,False,3.4794861396908994
P038,96,22.003710861409864,15,0.55,0,False,4.362900449140373
P039,41,7.9333140509569,17,0.55,0,False,5.1680797881756195
P040,54,10.45928334171133,15,0.55,0,False,5.162877630884088
P041,60,12.7259417330525,14,0.55,0,False,4.714778776973714
P042,61,11.154385601632695,14,0.55,0,False,5.468701027430079
P043,161,91.56591333323699,17,0.55,0,False,1.758296227702886
P044,62,17.007691433398975,20,0.55,0,False,3.6454095044461505
P045,147,63.359611555205426,15,0.55,0,False,2.3200899814847893
P046,291,114.66258395618853,22,0.55,0,False,2.5378810590138827
P047,53,20.49368751305935,13,0.55,0,False,2.586162200737491
P048,171,50.840605661601096,19,0.55,0,False,3.363453243224302
P049,40,7.6252934682621065,11,0.55,0,False,5.24569974473605
P050,42,5.074247295152913,14,0.55,0,False,8.277089695671666
P051,123,31.700073397093476,18,0.55,0,False,3.880117199074929
P052,124,36.68642258117166,13,0.55,0,False,3.37999704729018
P053,196,61.30610473822813,22,0.55,0,False,3.1970714961732343
P054,45,4.44473482535879,12,0.55,0,False,10.124338519197822
P055,40,8.518841010332052,11,0.55,0,False,4.695474413888711
P056,210,74.34353011616382,21,0.55,0,False,2.824724621925663
P057,105,26.200435589631464,18,0.55,0,False,4.007566959747517
P058,46,11.392670620391366,10,0.55,0,False,4.037683659322698
P059,48,6.083321896171062,12,0.55,0,False,7.890425793547429
P060,43,5.851190749461407,14,0.55,0,False,7.348931498081495
P061,54,6.926289094300326,17,0.55,0,False,7.796382632142345
P062,129,42.85363401974685,15,0.55,0,False,3.010246457524632
P063,182,67.53768951948751,15,0.55,0,False,2.694791623682732
P064,45,9.124765063588079,12,0.55,0,False,4.931633821408758
P065,361,82.04355168644459,18,0.55,0,False,4.40010205042897
P066,65,18.018776201332827,13,0.55,0,False,3.6073482057672726
P067,49,7.324013103452042,15,0.55,0,False,6.69032118155342
P068,156,40.13612865516782,18,0.55,0,False,3.8867724722601977
P069,42,7.594271229485809,16,0.55,0,False,5.530484589084623
P070,50,5.659144854595294,11,0.55,0,False,8.835257143029198
P071,44,5.820863775177546,15,0.55,0,False,7.559015585905534
P072-1,43,5.105469754155058,15,0.55,0,False,8.422339582955063
P072-2,63,7.108414990662797,14,0.55,0,False,8.862735234613224
P072-3,40,5.0761610303735685,10,0.55,0,False,7.879970662998509
P072-4,212,39.05215236627369,17,0.55,0,False,5.428638043087426
P072-5,48,5.865395540765914,13,0.55,0,False,8.183591313900047
P072-6,146,7.737053076109313,15,0.55,0,False,18.870233739357797
P072-7,68,3.1417094779328725,17,0.55,0,False,21.64426738933909
P073,207,39.1900008538042,17,0.55,0,False,5.281959568518518
P074,58,7.837937247011617,14,0.55,0,False,7.399906145218726
P075,61,11.20367380982038,14,0.55,0,False,5.4446426266473
P076,156,29.177915154557873,15,0.55,0,False,5.346509480669022
P077,60,8.603858855754062,15,0.55,0,False,6.973615095960504
P078,585,102.60889137740402,25,0.55,0,False,5.701260311334243
P079,66,5.691213435138678,16,0.55,0,False,11.596823902702882
P080,44,3.5315111279600786,16,0.55,0,False,12.459255657341197
P081,74,11.22851931941342,18,0.55,0,False,6.590361373120545
P082,160,42.40292423955797,15,0.55,0,False,3.773324667328838
P083,47,5.666143651126182,11,0.55,0,False,8.294883238736535
P084,119,27.117540810867567,16,0.55,0,False,4.388303527593838
P085,53,8.771173738597756,11,0.55,0,False,6.042520827830859
P086,54,7.949156268439847,16,0.55,0,False,6.793173788065232
P087,56,5.79746979046476,20,0.55,0,False,9.659386253655788
P088,76,7.793308852262031,20,0.55,0,False,9.751955355643421
P090+P089,104,18.544317254369364,20,0.55,0,False,5.608187056630289
P091,728,92.36165335545506,22,0.55,0,False,7.8820589882500505
P092,79,11.70599658212572,16,0.55,0,False,6.748677863158422
P093,169,27.26642498178469,23,0.55,0,False,6.198098948171617
P094,51,6.367346085461062,14,0.55,0,False,8.00961645801715
P095,52,8.541470701047507,11,0.55,0,False,6.087944549598799
P096,41,3.8561950484133143,13,0.55,0,False,10.632242271269455
P097,53,7.563578433240068,14,0.55,0,False,7.007265207573974
P098,115,12.538538332138591,18,0.55,0,False,9.171722967519568
P100,116,12.207343556424657,17,0.55,0,False,9.502476887279037
P101+P099,130,36.92954909569843,12,0.55,0,False,3.52021628163184
P102,42,3.938550812349017,16,0.55,0,False,10.663820781062997
P103,342,47.45875186878082,18,0.55,0,False,7.206257782454946
P104,121,24.853928472983196,15,0.55,0,False,4.868445651621226
P105,48,5.2802059185076216,17,0.55,0,False,9.0905545618506
P106,198,34.21333115261682,15,0.55,0,False,5.787217827950551
P107,86,10.793103610642419,23,0.55,0,False,7.968050998343115
P108,129,18.558991717091548,21,0.55,0,False,6.950808641247462
P109,41,3.2872801242682725,16,0.55,0,False,12.47231706763242
P110,112,16.3044500507753,16,0.55,0,False,6.869290264388539
P111,170,14.894983316437662,21,0.55,0,False,11.41323869845447
P112,66,5.630386041223488,17,0.55,0,False,11.722109197624064
P113,200,28.006102167915408,18,0.55,0,False,7.141300806548
P114,64,5.2232238423088155,11,0.55,0,False,12.25296903448621
P115,65,4.268136315575713,16,0.55,0,False,15.22912934218981
P116,187,19.268031461772342,20,0.55,0,False,9.705194864924675
P117,131,15.128772904300893,18,0.55,0,False,8.658997053406663
P118,136,13.94362720483882,17,0.55,0,False,9.753559672966892
