hito_id,nombre,campo,valor_antes,valor_despues,motivo,tarea,fecha
ICO-002,El Imparcial,vigencia_verificada,sin_verificar,probablemente_abierto,"DECISIÓN 2: el reporteo a nivel PROGRAMA no acredita v1. La nota de Info Gastronómica del 07/07/2026 entrevista al presidente de la AHRCC sobre los 16 Restaurantes Icónicos, no sobre El Imparcial. Baja a v4 (listado fechado dentro de 180 días) y el veredicto que corresponde a un v4 solo es probablemente_abierto.",TAREA_2,2026-08-08
ICO-002,El Imparcial,vigencia_nivel,,v4,,TAREA_2,2026-08-08
ICO-002,El Imparcial,vigencia_fuente,,"Info Gastronómica 07/07/2026 (reporteo sobre el programa, no sobre el local) · La Nación 07/07/2026",,TAREA_2,2026-08-08
ICO-002,El Imparcial,vigencia_fecha,,2026-07-07,,TAREA_2,2026-08-08
ICO-002,El Imparcial,nota_ronda_7,,"Ancla contra refritos, registrada: una reseña de marzo de 2026 menciona que sirve con un robot mozo. Cualquier nota «reciente» que no lo mencione es sospechosa.",,TAREA_2,2026-08-08
ICO-015,Tancat,vigencia_verificada,sin_verificar,si,"DECISIÓN 2: Tancat NO baja. El reporteo de programa se le cae igual que a El Imparcial, pero tiene una pieza propia que el otro no tiene: Instagram @tancattasca, confirmado por Diego el 07/08/2026. v2 por vía propia.",TAREA_2,2026-08-08
ICO-015,Tancat,vigencia_nivel,,v2,,TAREA_2,2026-08-08
ICO-015,Tancat,vigencia_fuente,,"Instagram @tancattasca · verificación humana de Diego, 07/08/2026",,TAREA_2,2026-08-08
ICO-015,Tancat,vigencia_fecha,,2026-08-07,,TAREA_2,2026-08-08
H069,LA PERLA,vigencia_verificada,sin_verificar,si,"DECISIÓN 3: los check-ins de consumo con fecha y usuario cuentan, con nivel propio v3b. La Perla de Caminito tiene dos check-ins independientes de Untappd dentro de ventana (20/05 y 17/05/2026) más uno del 12/03. Sin la decisión caía a dudoso sin escalón intermedio: lo siguiente que tiene es de diciembre de 2025.",TAREA_2,2026-08-08
H069,LA PERLA,vigencia_nivel,,v3b,,TAREA_2,2026-08-08
H069,LA PERLA,vigencia_fuente,,"Untappd, check-ins del 20/05/2026 (Patrick Reurink) y del 17/05/2026 (Francisco Montanaro)",,TAREA_2,2026-08-08
H069,LA PERLA,vigencia_fecha,,2026-05-20,,TAREA_2,2026-08-08
H069,LA PERLA,nota_ronda_7,,"Es la de CAMINITO, no la del Once: el anexo tiene una sola entrada «La Perla» y es la n.68, La Boca. La Perla del Once cerró el 14/01/2017.",,TAREA_2,2026-08-08
H054,EL SIMBOLO,vigencia_verificada,sin_verificar,si,"Dos niveles distintos entre archivos: v4 probablemente_abierto en la tanda B (Canal 26, 06/05/2026) y v2 verificado_abierto en el cierre del día (Diego, 07/08/2026). PREVALECE EL MÁS NUEVO. No es un empate de fuentes: es una pieza posterior que hace irrelevante a la anterior.",TAREA_7,2026-08-08
H054,EL SIMBOLO,vigencia_nivel,,v2,,TAREA_7,2026-08-08
H054,EL SIMBOLO,vigencia_fuente,,"verificación humana · Diego, 07/08/2026",,TAREA_7,2026-08-08
H054,EL SIMBOLO,vigencia_fecha,,2026-08-07,,TAREA_7,2026-08-08
DIR-011,El Cedron,vigencia_verificada,si,dudosa,"CONTRADICCIÓN, NO DATO FALTANTE: la capa lo tenía en `si` y el registro de la tanda lo da `dudoso`. Prevalece `dudoso`, y el motivo es asimétrico: la capa nunca tuvo verificación —el `si` venía heredado del catálogo— y la tanda sí buscó y no encontró. Un `si` sin verificación no empata contra una búsqueda con resultado.",TAREA_7,2026-08-08
DIR-011,El Cedron,vigencia_nivel,,ninguno,,TAREA_7,2026-08-08
DIR-011,El Cedron,vigencia_sentido_duda,,la ficha de Tripadvisor está desactualizada y su propia reseña más reciente lo dice: «el teléfono NO CORRESPONDE A LA PIZZERÍA Y LOS DATOS TAMPOCO». Nada posterior a 2025-06-27.,,TAREA_7,2026-08-08
DIR-011,El Cedron,vigencia_fecha,2025-12-05,2025-06-27,,TAREA_7,2026-08-08
DIR-011,El Cedron,vigencia_fuente,"Canal 26 05/12/2025. Pizzería de 1935, Interés Cultural (Legislatura, 2013).",,,TAREA_7,2026-08-08
H071,LAS VIOLETAS,vigencia_verificada,sin_verificar,si,"Bloque de Almagro, aplicado a la capa. El veredicto existía desde el 07/08 en `desde_cowork/evidencia_2026/` y no se había aplicado: mientras no se aplicara, «Almagro recupera los cinco» era cierto en el registro de la tanda y falso en la capa.",TAREA_7,2026-08-08
H071,LAS VIOLETAS,vigencia_nivel,,v3,,TAREA_7,2026-08-08
H071,LAS VIOLETAS,vigencia_fuente,,"Tripadvisor .com, reseña del 07/07/2026 (JulieS, 5/5), con mención a los vitrales y a la vitrina de panadería; segunda del 27/06/2026 en .com.ar + confirmación de Diego",,TAREA_7,2026-08-08
H071,LAS VIOLETAS,vigencia_fecha,,2026-07-07,,TAREA_7,2026-08-08
H071,LAS VIOLETAS,nota_ronda_7,,"Ancla contra refrito: la reseña del 27/06 describe interacción con el personal de sala en el momento de la visita. Testimonio de servicio en mesa, no reciclable de material promocional.",,TAREA_7,2026-08-08
H044,El Banderin,vigencia_verificada,sin_verificar,si,"Bloque de Almagro, aplicado a la capa. El veredicto existía desde el 07/08 en `desde_cowork/evidencia_2026/` y no se había aplicado: mientras no se aplicara, «Almagro recupera los cinco» era cierto en el registro de la tanda y falso en la capa.",TAREA_7,2026-08-08
H044,El Banderin,vigencia_nivel,,v3,,TAREA_7,2026-08-08
H044,El Banderin,vigencia_fuente,,"Tripadvisor, reseña del 16/06/2026 (Claudio S., visitante de Madrid), verificada por doble vía en las fichas .com y .com.ar con la misma fecha y el mismo usuario",,TAREA_7,2026-08-08
H044,El Banderin,vigencia_fecha,,2026-06-16,,TAREA_7,2026-08-08
H044,El Banderin,nota_ronda_7,,"Ancla contra refrito: la SUPERMILANESA es ítem de carta, no lugar común de guía.",,TAREA_7,2026-08-08
H063,La Orquidea,vigencia_verificada,sin_verificar,probablemente_abierto,"Bloque de Almagro, aplicado a la capa. El veredicto existía desde el 07/08 en `desde_cowork/evidencia_2026/` y no se había aplicado: mientras no se aplicara, «Almagro recupera los cinco» era cierto en el registro de la tanda y falso en la capa.",TAREA_7,2026-08-08
H063,La Orquidea,vigencia_nivel,,v5,,TAREA_7,2026-08-08
H063,La Orquidea,vigencia_fuente,,"Agencia NOVA, 07/08/2026: acto de entrega de diplomas a los doce nuevos Bares Notables el 04/08/2026, con La Orquídea entre los distinguidos. El organizador es el GCBA y es el GCBA el que nombra al establecimiento.",,TAREA_7,2026-08-08
H063,La Orquidea,vigencia_fecha,,2026-08-07,,TAREA_7,2026-08-08
H063,La Orquidea,nota_ronda_7,,"No sube a verificado_abierto y el motivo es de escala, no de fuerza: el acto fue en la Casa de la Cultura, no en el local. La distinción es indicio fuerte, no constatación presencial. Queda en probablemente_abierto SIN pendiente de chequeo.",,TAREA_7,2026-08-08
H056,El Viejo Buzon,vigencia_verificada,sin_verificar,si,"Veredicto de los registros del 07/08 que la ronda 6 dejó frenado por el enum. Con `probablemente_abierto` y `v3b` en el vocabulario, deja de estar frenado.",TAREA_7,2026-08-08
H056,El Viejo Buzon,vigencia_nivel,,v2,,TAREA_7,2026-08-08
H056,El Viejo Buzon,vigencia_fuente,,"verificación humana · Diego, 07/08/2026",,TAREA_7,2026-08-08
H056,El Viejo Buzon,vigencia_fecha,,2026-08-07,,TAREA_7,2026-08-08
H056,El Viejo Buzon,nota_ronda_7,,Bar DISTINTO de El Buzón (H046). Es una de las diez sedes que el GCBA nombra para el Festival y Mundial de Tango 2026. Su dirección queda por confirmar contra el anexo 1225/26: la capa la tiene en Neuquén 1100 y el registro de la tanda la da «por confirmar».,,TAREA_7,2026-08-08
H007,Bar del Glorias,vigencia_verificada,sin_verificar,probablemente_abierto,"Veredicto de los registros del 07/08 que la ronda 6 dejó frenado por el enum. Con `probablemente_abierto` y `v3b` en el vocabulario, deja de estar frenado.",TAREA_7,2026-08-08
H007,Bar del Glorias,vigencia_nivel,,v4,,TAREA_7,2026-08-08
H007,Bar del Glorias,vigencia_fuente,,"Aquí Mataderos 06/04/2026, sobre el proyecto de beneplácito por los 85 años del club",,TAREA_7,2026-08-08
H007,Bar del Glorias,vigencia_fecha,,2026-04-06,,TAREA_7,2026-08-08
H007,Bar del Glorias,nota_ronda_7,,"RESERVA REGISTRADA: sin reporteo propio, el párrafo tiene la cadencia de la ficha del catálogo. El aniversario (fundación 03/02/1941) sí es real y verificable.",,TAREA_7,2026-08-08
H001,9 de Julio,vigencia_verificada,sin_verificar,dudosa,"Veredicto de los registros del 07/08 que la ronda 6 dejó frenado por el enum. Con `probablemente_abierto` y `v3b` en el vocabulario, deja de estar frenado.",TAREA_7,2026-08-08
H001,9 de Julio,vigencia_nivel,,ninguno,,TAREA_7,2026-08-08
H001,9 de Julio,vigencia_fecha,,2025-10-16,,TAREA_7,2026-08-08
H001,9 de Julio,nota_ronda_7,,"Sin ficha en Tripadvisor, verificado por búsqueda restringida a los tres dominios. Figura como sede de La Noche de los Bares Notables del 16/10/2025, pero quien lo nombra es un medio barrial y no el organizador: no computa como v5, y 295 días lo dejan fuera de ventana igual. ANTECEDENTE: cerró el 06/08/2019 y reabrió en 2021.",,TAREA_7,2026-08-08
H001,9 de Julio,vigencia_sentido_duda,,nada dentro de ventana y un antecedente de cierre y reapertura,,TAREA_7,2026-08-08
ICO-001,Albamonte Ristorante,registro_oficial,,restaurante_iconico,"DECISIÓN 18: campo de registro oficial para la ficha. Derivado de `tipo`, `reconocimiento` y `patrimonio_norma`, que ya viajaban en la capa.",TAREA_6,2026-08-08
ICO-002,El Imparcial,registro_oficial,,restaurante_iconico,"DECISIÓN 18: campo de registro oficial para la ficha. Derivado de `tipo`, `reconocimiento` y `patrimonio_norma`, que ya viajaban en la capa.",TAREA_6,2026-08-08
ICO-003,El Mirasol de Boedo,registro_oficial,,restaurante_iconico,"DECISIÓN 18: campo de registro oficial para la ficha. Derivado de `tipo`, `reconocimiento` y `patrimonio_norma`, que ya viajaban en la capa.",TAREA_6,2026-08-08
ICO-004,El Puentecito,registro_oficial,,restaurante_iconico,"DECISIÓN 18: campo de registro oficial para la ficha. Derivado de `tipo`, `reconocimiento` y `patrimonio_norma`, que ya viajaban en la capa.",TAREA_6,2026-08-08
ICO-005,El Tropezón,registro_oficial,,restaurante_iconico,"DECISIÓN 18: campo de registro oficial para la ficha. Derivado de `tipo`, `reconocimiento` y `patrimonio_norma`, que ya viajaban en la capa.",TAREA_6,2026-08-08
ICO-006,Estilo Campo,registro_oficial,,restaurante_iconico,"DECISIÓN 18: campo de registro oficial para la ficha. Derivado de `tipo`, `reconocimiento` y `patrimonio_norma`, que ya viajaban en la capa.",TAREA_6,2026-08-08
ICO-007,Happening,registro_oficial,,restaurante_iconico,"DECISIÓN 18: campo de registro oficial para la ficha. Derivado de `tipo`, `reconocimiento` y `patrimonio_norma`, que ya viajaban en la capa.",TAREA_6,2026-08-08
ICO-008,Il Matterello,registro_oficial,,restaurante_iconico,"DECISIÓN 18: campo de registro oficial para la ficha. Derivado de `tipo`, `reconocimiento` y `patrimonio_norma`, que ya viajaban en la capa.",TAREA_6,2026-08-08
ICO-009,La Brigada,registro_oficial,,restaurante_iconico,"DECISIÓN 18: campo de registro oficial para la ficha. Derivado de `tipo`, `reconocimiento` y `patrimonio_norma`, que ya viajaban en la capa.",TAREA_6,2026-08-08
ICO-010,"La Estancia, Asador Criollo",registro_oficial,,restaurante_iconico,"DECISIÓN 18: campo de registro oficial para la ficha. Derivado de `tipo`, `reconocimiento` y `patrimonio_norma`, que ya viajaban en la capa.",TAREA_6,2026-08-08
ICO-011,Marcelo Restaurante,registro_oficial,,restaurante_iconico,"DECISIÓN 18: campo de registro oficial para la ficha. Derivado de `tipo`, `reconocimiento` y `patrimonio_norma`, que ya viajaban en la capa.",TAREA_6,2026-08-08
ICO-012,Miramar,registro_oficial,,restaurante_iconico,"DECISIÓN 18: campo de registro oficial para la ficha. Derivado de `tipo`, `reconocimiento` y `patrimonio_norma`, que ya viajaban en la capa.",TAREA_6,2026-08-08
ICO-013,Restaurante Oviedo,registro_oficial,,restaurante_iconico,"DECISIÓN 18: campo de registro oficial para la ficha. Derivado de `tipo`, `reconocimiento` y `patrimonio_norma`, que ya viajaban en la capa.",TAREA_6,2026-08-08
ICO-014,Sorrento,registro_oficial,,restaurante_iconico,"DECISIÓN 18: campo de registro oficial para la ficha. Derivado de `tipo`, `reconocimiento` y `patrimonio_norma`, que ya viajaban en la capa.",TAREA_6,2026-08-08
ICO-015,Tancat,registro_oficial,,restaurante_iconico,"DECISIÓN 18: campo de registro oficial para la ficha. Derivado de `tipo`, `reconocimiento` y `patrimonio_norma`, que ya viajaban en la capa.",TAREA_6,2026-08-08
ICO-016,Zum Edelweiss,registro_oficial,,restaurante_iconico,"DECISIÓN 18: campo de registro oficial para la ficha. Derivado de `tipo`, `reconocimiento` y `patrimonio_norma`, que ya viajaban en la capa.",TAREA_6,2026-08-08
H199,Yiyo el Zeneize,registro_oficial,,ley_especifica,"DECISIÓN 18: campo de registro oficial para la ficha. Derivado de `tipo`, `reconocimiento` y `patrimonio_norma`, que ya viajaban en la capa.",TAREA_6,2026-08-08
H074,36 BILLARES,registro_oficial,,bar_notable,"DECISIÓN 18: campo de registro oficial para la ficha. Derivado de `tipo`, `reconocimiento` y `patrimonio_norma`, que ya viajaban en la capa.",TAREA_6,2026-08-08
H079,8 ESQUINAS,registro_oficial,,bar_notable,"DECISIÓN 18: campo de registro oficial para la ficha. Derivado de `tipo`, `reconocimiento` y `patrimonio_norma`, que ya viajaban en la capa.",TAREA_6,2026-08-08
H001,9 de Julio,registro_oficial,,bar_notable,"DECISIÓN 18: campo de registro oficial para la ficha. Derivado de `tipo`, `reconocimiento` y `patrimonio_norma`, que ya viajaban en la capa.",TAREA_6,2026-08-08
H006,BAR DEL ALVEAR PALACE HOTEL,registro_oficial,,bar_notable,"DECISIÓN 18: campo de registro oficial para la ficha. Derivado de `tipo`, `reconocimiento` y `patrimonio_norma`, que ya viajaban en la capa.",TAREA_6,2026-08-08
H012,BAR OVIEDO,registro_oficial,,bar_notable,"DECISIÓN 18: campo de registro oficial para la ficha. Derivado de `tipo`, `reconocimiento` y `patrimonio_norma`, que ya viajaban en la capa.",TAREA_6,2026-08-08
H013,BAR PLAZA DORREGO,registro_oficial,,bar_notable,"DECISIÓN 18: campo de registro oficial para la ficha. Derivado de `tipo`, `reconocimiento` y `patrimonio_norma`, que ya viajaban en la capa.",TAREA_6,2026-08-08
H014,BAR QUINTINO,registro_oficial,,bar_notable,"DECISIÓN 18: campo de registro oficial para la ficha. Derivado de `tipo`, `reconocimiento` y `patrimonio_norma`, que ya viajaban en la capa.",TAREA_6,2026-08-08
H015,BAR SEDDON,registro_oficial,,bar_notable,"DECISIÓN 18: campo de registro oficial para la ficha. Derivado de `tipo`, `reconocimiento` y `patrimonio_norma`, que ya viajaban en la capa.",TAREA_6,2026-08-08
H016,BAR SUR,registro_oficial,,bar_notable,"DECISIÓN 18: campo de registro oficial para la ficha. Derivado de `tipo`, `reconocimiento` y `patrimonio_norma`, que ya viajaban en la capa.",TAREA_6,2026-08-08
H018,BOSTON CITY,registro_oficial,,bar_notable,"DECISIÓN 18: campo de registro oficial para la ficha. Derivado de `tipo`, `reconocimiento` y `patrimonio_norma`, que ya viajaban en la capa.",TAREA_6,2026-08-08
H009,Bar El Federal,registro_oficial,,bar_notable,"DECISIÓN 18: campo de registro oficial para la ficha. Derivado de `tipo`, `reconocimiento` y `patrimonio_norma`, que ya viajaban en la capa.",TAREA_6,2026-08-08
H059,Bar Imperio,registro_oficial,,bar_notable,"DECISIÓN 18: campo de registro oficial para la ficha. Derivado de `tipo`, `reconocimiento` y `patrimonio_norma`, que ya viajaban en la capa.",TAREA_6,2026-08-08
H005,Bar de Cao,registro_oficial,,bar_notable,"DECISIÓN 18: campo de registro oficial para la ficha. Derivado de `tipo`, `reconocimiento` y `patrimonio_norma`, que ya viajaban en la capa.",TAREA_6,2026-08-08
H007,Bar del Glorias,registro_oficial,,bar_notable,"DECISIÓN 18: campo de registro oficial para la ficha. Derivado de `tipo`, `reconocimiento` y `patrimonio_norma`, que ya viajaban en la capa.",TAREA_6,2026-08-08
H002,Barbaro,registro_oficial,,bar_notable,"DECISIÓN 18: campo de registro oficial para la ficha. Derivado de `tipo`, `reconocimiento` y `patrimonio_norma`, que ya viajaban en la capa.",TAREA_6,2026-08-08
H019,Britanico,registro_oficial,,bar_notable,"DECISIÓN 18: campo de registro oficial para la ficha. Derivado de `tipo`, `reconocimiento` y `patrimonio_norma`, que ya viajaban en la capa.",TAREA_6,2026-08-08
H024,CAFE DE LOS ANGELITOS,registro_oficial,,bar_notable,"DECISIÓN 18: campo de registro oficial para la ficha. Derivado de `tipo`, `reconocimiento` y `patrimonio_norma`, que ya viajaban en la capa.",TAREA_6,2026-08-08
H029,CAFE PALACIO,registro_oficial,,bar_notable,"DECISIÓN 18: campo de registro oficial para la ficha. Derivado de `tipo`, `reconocimiento` y `patrimonio_norma`, que ya viajaban en la capa.",TAREA_6,2026-08-08
H034,CAFE THIBON,registro_oficial,,bar_notable,"DECISIÓN 18: campo de registro oficial para la ficha. Derivado de `tipo`, `reconocimiento` y `patrimonio_norma`, que ya viajaban en la capa.",TAREA_6,2026-08-08
H036,CAFETABAC,registro_oficial,,bar_notable,"DECISIÓN 18: campo de registro oficial para la ficha. Derivado de `tipo`, `reconocimiento` y `patrimonio_norma`, que ya viajaban en la capa.",TAREA_6,2026-08-08
H037,CASA WATSON,registro_oficial,,bar_notable,"DECISIÓN 18: campo de registro oficial para la ficha. Derivado de `tipo`, `reconocimiento` y `patrimonio_norma`, que ya viajaban en la capa.",TAREA_6,2026-08-08
H023,Cafe de la U,registro_oficial,,bar_notable,"DECISIÓN 18: campo de registro oficial para la ficha. Derivado de `tipo`, `reconocimiento` y `patrimonio_norma`, que ya viajaban en la capa.",TAREA_6,2026-08-08
H086,Café Margot,registro_oficial,,bar_notable,"DECISIÓN 18: campo de registro oficial para la ficha. Derivado de `tipo`, `reconocimiento` y `patrimonio_norma`, que ya viajaban en la capa.",TAREA_6,2026-08-08
H027,Café Montecarlo,registro_oficial,,bar_notable,"DECISIÓN 18: campo de registro oficial para la ficha. Derivado de `tipo`, `reconocimiento` y `patrimonio_norma`, que ya viajaban en la capa.",TAREA_6,2026-08-08
H032,Roma del Abasto,registro_oficial,,bar_notable,"DECISIÓN 18: campo de registro oficial para la ficha. Derivado de `tipo`, `reconocimiento` y `patrimonio_norma`, que ya viajaban en la capa.",TAREA_6,2026-08-08
H031,Café Roma,registro_oficial,,bar_notable,"DECISIÓN 18: campo de registro oficial para la ficha. Derivado de `tipo`, `reconocimiento` y `patrimonio_norma`, que ya viajaban en la capa.",TAREA_6,2026-08-08
H035,Café Tortoni,registro_oficial,,bar_notable,"DECISIÓN 18: campo de registro oficial para la ficha. Derivado de `tipo`, `reconocimiento` y `patrimonio_norma`, que ya viajaban en la capa.",TAREA_6,2026-08-08
H022,Café de García,registro_oficial,,bar_notable,"DECISIÓN 18: campo de registro oficial para la ficha. Derivado de `tipo`, `reconocimiento` y `patrimonio_norma`, que ya viajaban en la capa.",TAREA_6,2026-08-08
H038,Celta Bar,registro_oficial,,bar_notable,"DECISIÓN 18: campo de registro oficial para la ficha. Derivado de `tipo`, `reconocimiento` y `patrimonio_norma`, que ya viajaban en la capa.",TAREA_6,2026-08-08
H039,Claridge's,registro_oficial,,bar_notable,"DECISIÓN 18: campo de registro oficial para la ficha. Derivado de `tipo`, `reconocimiento` y `patrimonio_norma`, que ya viajaban en la capa.",TAREA_6,2026-08-08
H043,Confiteria Saint Moritz,registro_oficial,,bar_notable,"DECISIÓN 18: campo de registro oficial para la ficha. Derivado de `tipo`, `reconocimiento` y `patrimonio_norma`, que ya viajaban en la capa.",TAREA_6,2026-08-08
H042,Confitería Ideal,registro_oficial,,bar_notable,"DECISIÓN 18: campo de registro oficial para la ficha. Derivado de `tipo`, `reconocimiento` y `patrimonio_norma`, que ya viajaban en la capa.",TAREA_6,2026-08-08
H025,DON JUAN,registro_oficial,,bar_notable,"DECISIÓN 18: campo de registro oficial para la ficha. Derivado de `tipo`, `reconocimiento` y `patrimonio_norma`, que ya viajaban en la capa.",TAREA_6,2026-08-08
H047,EL COLECCIONISTA,registro_oficial,,bar_notable,"DECISIÓN 18: campo de registro oficial para la ficha. Derivado de `tipo`, `reconocimiento` y `patrimonio_norma`, que ya viajaban en la capa.",TAREA_6,2026-08-08
H008,EL COLONIAL,registro_oficial,,bar_notable,"DECISIÓN 18: campo de registro oficial para la ficha. Derivado de `tipo`, `reconocimiento` y `patrimonio_norma`, que ya viajaban en la capa.",TAREA_6,2026-08-08
H049,EL FARO,registro_oficial,,bar_notable,"DECISIÓN 18: campo de registro oficial para la ficha. Derivado de `tipo`, `reconocimiento` y `patrimonio_norma`, que ya viajaban en la capa.",TAREA_6,2026-08-08
H054,EL SIMBOLO,registro_oficial,,bar_notable,"DECISIÓN 18: campo de registro oficial para la ficha. Derivado de `tipo`, `reconocimiento` y `patrimonio_norma`, que ya viajaban en la capa.",TAREA_6,2026-08-08
H044,El Banderin,registro_oficial,,bar_notable,"DECISIÓN 18: campo de registro oficial para la ficha. Derivado de `tipo`, `reconocimiento` y `patrimonio_norma`, que ya viajaban en la capa.",TAREA_6,2026-08-08
H046,El Buzón,registro_oficial,,bar_notable,"DECISIÓN 18: campo de registro oficial para la ficha. Derivado de `tipo`, `reconocimiento` y `patrimonio_norma`, que ya viajaban en la capa.",TAREA_6,2026-08-08
H048,El Estano 1880,registro_oficial,,bar_notable,"DECISIÓN 18: campo de registro oficial para la ficha. Derivado de `tipo`, `reconocimiento` y `patrimonio_norma`, que ya viajaban en la capa.",TAREA_6,2026-08-08
H050,El Gato Negro,registro_oficial,,bar_notable,"DECISIÓN 18: campo de registro oficial para la ficha. Derivado de `tipo`, `reconocimiento` y `patrimonio_norma`, que ya viajaban en la capa.",TAREA_6,2026-08-08
H052,El Progreso,registro_oficial,,bar_notable,"DECISIÓN 18: campo de registro oficial para la ficha. Derivado de `tipo`, `reconocimiento` y `patrimonio_norma`, que ya viajaban en la capa.",TAREA_6,2026-08-08
H053,El Querandi,registro_oficial,,bar_notable,"DECISIÓN 18: campo de registro oficial para la ficha. Derivado de `tipo`, `reconocimiento` y `patrimonio_norma`, que ya viajaban en la capa.",TAREA_6,2026-08-08
H055,El Tokio,registro_oficial,,bar_notable,"DECISIÓN 18: campo de registro oficial para la ficha. Derivado de `tipo`, `reconocimiento` y `patrimonio_norma`, que ya viajaban en la capa.",TAREA_6,2026-08-08
H056,El Viejo Buzon,registro_oficial,,bar_notable,"DECISIÓN 18: campo de registro oficial para la ficha. Derivado de `tipo`, `reconocimiento` y `patrimonio_norma`, que ya viajaban en la capa.",TAREA_6,2026-08-08
H057,Esquina Homero Manzi,registro_oficial,,bar_notable,"DECISIÓN 18: campo de registro oficial para la ficha. Derivado de `tipo`, `reconocimiento` y `patrimonio_norma`, que ya viajaban en la capa.",TAREA_6,2026-08-08
H058,FLORIDA GARDEN,registro_oficial,,bar_notable,"DECISIÓN 18: campo de registro oficial para la ficha. Derivado de `tipo`, `reconocimiento` y `patrimonio_norma`, que ya viajaban en la capa.",TAREA_6,2026-08-08
H051,HIPOPOTAMO,registro_oficial,,bar_notable,"DECISIÓN 18: campo de registro oficial para la ficha. Derivado de `tipo`, `reconocimiento` y `patrimonio_norma`, que ya viajaban en la capa.",TAREA_6,2026-08-08
H061,LA BIELA,registro_oficial,,bar_notable,"DECISIÓN 18: campo de registro oficial para la ficha. Derivado de `tipo`, `reconocimiento` y `patrimonio_norma`, que ya viajaban en la capa.",TAREA_6,2026-08-08
H065,LA FARMACIA,registro_oficial,,bar_notable,"DECISIÓN 18: campo de registro oficial para la ficha. Derivado de `tipo`, `reconocimiento` y `patrimonio_norma`, que ya viajaban en la capa.",TAREA_6,2026-08-08
H067,LA GIRALDA,registro_oficial,,bar_notable,"DECISIÓN 18: campo de registro oficial para la ficha. Derivado de `tipo`, `reconocimiento` y `patrimonio_norma`, que ya viajaban en la capa.",TAREA_6,2026-08-08
H069,LA PERLA,registro_oficial,,bar_notable,"DECISIÓN 18: campo de registro oficial para la ficha. Derivado de `tipo`, `reconocimiento` y `patrimonio_norma`, que ya viajaban en la capa.",TAREA_6,2026-08-08
H026,LA POESIA,registro_oficial,,bar_notable,"DECISIÓN 18: campo de registro oficial para la ficha. Derivado de `tipo`, `reconocimiento` y `patrimonio_norma`, que ya viajaban en la capa.",TAREA_6,2026-08-08
H070,LA PUERTO RICO,registro_oficial,,bar_notable,"DECISIÓN 18: campo de registro oficial para la ficha. Derivado de `tipo`, `reconocimiento` y `patrimonio_norma`, que ya viajaban en la capa.",TAREA_6,2026-08-08
H071,LAS VIOLETAS,registro_oficial,,bar_notable,"DECISIÓN 18: campo de registro oficial para la ficha. Derivado de `tipo`, `reconocimiento` y `patrimonio_norma`, que ya viajaban en la capa.",TAREA_6,2026-08-08
H075,LOS GALGOS,registro_oficial,,bar_notable,"DECISIÓN 18: campo de registro oficial para la ficha. Derivado de `tipo`, `reconocimiento` y `patrimonio_norma`, que ya viajaban en la capa.",TAREA_6,2026-08-08
H060,La Academia,registro_oficial,,bar_notable,"DECISIÓN 18: campo de registro oficial para la ficha. Derivado de `tipo`, `reconocimiento` y `patrimonio_norma`, que ya viajaban en la capa.",TAREA_6,2026-08-08
H062,La Buena Medida,registro_oficial,,bar_notable,"DECISIÓN 18: campo de registro oficial para la ficha. Derivado de `tipo`, `reconocimiento` y `patrimonio_norma`, que ya viajaban en la capa.",TAREA_6,2026-08-08
H064,La Esquina de Anibal Troilo,registro_oficial,,bar_notable,"DECISIÓN 18: campo de registro oficial para la ficha. Derivado de `tipo`, `reconocimiento` y `patrimonio_norma`, que ya viajaban en la capa.",TAREA_6,2026-08-08
H066,La Flor de Barracas,registro_oficial,,bar_notable,"DECISIÓN 18: campo de registro oficial para la ficha. Derivado de `tipo`, `reconocimiento` y `patrimonio_norma`, que ya viajaban en la capa.",TAREA_6,2026-08-08
H072,Le Caravelle,registro_oficial,,bar_notable,"DECISIÓN 18: campo de registro oficial para la ficha. Derivado de `tipo`, `reconocimiento` y `patrimonio_norma`, que ya viajaban en la capa.",TAREA_6,2026-08-08
H073,London City,registro_oficial,,bar_notable,"DECISIÓN 18: campo de registro oficial para la ficha. Derivado de `tipo`, `reconocimiento` y `patrimonio_norma`, que ya viajaban en la capa.",TAREA_6,2026-08-08
H076,Los Laureles,registro_oficial,,bar_notable,"DECISIÓN 18: campo de registro oficial para la ficha. Derivado de `tipo`, `reconocimiento` y `patrimonio_norma`, que ya viajaban en la capa.",TAREA_6,2026-08-08
H078,Miramar,registro_oficial,,bar_notable,"DECISIÓN 18: campo de registro oficial para la ficha. Derivado de `tipo`, `reconocimiento` y `patrimonio_norma`, que ya viajaban en la capa.",TAREA_6,2026-08-08
H082,PLAZA BAR,registro_oficial,,bar_notable,"DECISIÓN 18: campo de registro oficial para la ficha. Derivado de `tipo`, `reconocimiento` y `patrimonio_norma`, que ya viajaban en la capa.",TAREA_6,2026-08-08
H080,Paulin,registro_oficial,,bar_notable,"DECISIÓN 18: campo de registro oficial para la ficha. Derivado de `tipo`, `reconocimiento` y `patrimonio_norma`, que ya viajaban en la capa.",TAREA_6,2026-08-08
H081,Petit Colón,registro_oficial,,bar_notable,"DECISIÓN 18: campo de registro oficial para la ficha. Derivado de `tipo`, `reconocimiento` y `patrimonio_norma`, que ya viajaban en la capa.",TAREA_6,2026-08-08
H033,SAN BERNARDO,registro_oficial,,bar_notable,"DECISIÓN 18: campo de registro oficial para la ficha. Derivado de `tipo`, `reconocimiento` y `patrimonio_norma`, que ya viajaban en la capa.",TAREA_6,2026-08-08
H083,STYLO CAFE,registro_oficial,,bar_notable,"DECISIÓN 18: campo de registro oficial para la ficha. Derivado de `tipo`, `reconocimiento` y `patrimonio_norma`, que ya viajaban en la capa.",TAREA_6,2026-08-08
H084,The New Brighton,registro_oficial,,bar_notable,"DECISIÓN 18: campo de registro oficial para la ficha. Derivado de `tipo`, `reconocimiento` y `patrimonio_norma`, que ya viajaban en la capa.",TAREA_6,2026-08-08
H085,Varela Varelita,registro_oficial,,bar_notable,"DECISIÓN 18: campo de registro oficial para la ficha. Derivado de `tipo`, `reconocimiento` y `patrimonio_norma`, que ya viajaban en la capa.",TAREA_6,2026-08-08
H045,12 de octubre,registro_oficial,,bar_notable,"DECISIÓN 18: campo de registro oficial para la ficha. Derivado de `tipo`, `reconocimiento` y `patrimonio_norma`, que ya viajaban en la capa.",TAREA_6,2026-08-08
H003,Bar Bidou,registro_oficial,,bar_notable,"DECISIÓN 18: campo de registro oficial para la ficha. Derivado de `tipo`, `reconocimiento` y `patrimonio_norma`, que ya viajaban en la capa.",TAREA_6,2026-08-08
H011,Bar Lavalle,registro_oficial,,bar_notable,"DECISIÓN 18: campo de registro oficial para la ficha. Derivado de `tipo`, `reconocimiento` y `patrimonio_norma`, que ya viajaban en la capa.",TAREA_6,2026-08-08
H028,Café Olimpo,registro_oficial,,bar_notable,"DECISIÓN 18: campo de registro oficial para la ficha. Derivado de `tipo`, `reconocimiento` y `patrimonio_norma`, que ya viajaban en la capa.",TAREA_6,2026-08-08
H040,Clásica y moderna,registro_oficial,,bar_notable,"DECISIÓN 18: campo de registro oficial para la ficha. Derivado de `tipo`, `reconocimiento` y `patrimonio_norma`, que ya viajaban en la capa.",TAREA_6,2026-08-08
H077,Mar Azul,registro_oficial,,bar_notable,"DECISIÓN 18: campo de registro oficial para la ficha. Derivado de `tipo`, `reconocimiento` y `patrimonio_norma`, que ya viajaban en la capa.",TAREA_6,2026-08-08
H030,Plaza Café,registro_oficial,,bar_notable,"DECISIÓN 18: campo de registro oficial para la ficha. Derivado de `tipo`, `reconocimiento` y `patrimonio_norma`, que ya viajaban en la capa.",TAREA_6,2026-08-08
H004,Bar Boca a Boca,registro_oficial,,bar_notable,"DECISIÓN 18: campo de registro oficial para la ficha. Derivado de `tipo`, `reconocimiento` y `patrimonio_norma`, que ya viajaban en la capa.",TAREA_6,2026-08-08
H010,Bar Conde,registro_oficial,,bar_notable,"DECISIÓN 18: campo de registro oficial para la ficha. Derivado de `tipo`, `reconocimiento` y `patrimonio_norma`, que ya viajaban en la capa.",TAREA_6,2026-08-08
H017,Bar Via 71,registro_oficial,,bar_notable,"DECISIÓN 18: campo de registro oficial para la ficha. Derivado de `tipo`, `reconocimiento` y `patrimonio_norma`, que ya viajaban en la capa.",TAREA_6,2026-08-08
H020,Cabildo de Buenos Aires,registro_oficial,,bar_notable,"DECISIÓN 18: campo de registro oficial para la ficha. Derivado de `tipo`, `reconocimiento` y `patrimonio_norma`, que ya viajaban en la capa.",TAREA_6,2026-08-08
H021,Cafe Cortazar,registro_oficial,,bar_notable,"DECISIÓN 18: campo de registro oficial para la ficha. Derivado de `tipo`, `reconocimiento` y `patrimonio_norma`, que ya viajaban en la capa.",TAREA_6,2026-08-08
H087,Cafe Rivas,registro_oficial,,bar_notable,"DECISIÓN 18: campo de registro oficial para la ficha. Derivado de `tipo`, `reconocimiento` y `patrimonio_norma`, que ya viajaban en la capa.",TAREA_6,2026-08-08
H090,Confiteria El Greco,registro_oficial,,bar_notable,"DECISIÓN 18: campo de registro oficial para la ficha. Derivado de `tipo`, `reconocimiento` y `patrimonio_norma`, que ya viajaban en la capa.",TAREA_6,2026-08-08
H088,El Portuario,registro_oficial,,bar_notable,"DECISIÓN 18: campo de registro oficial para la ficha. Derivado de `tipo`, `reconocimiento` y `patrimonio_norma`, que ya viajaban en la capa.",TAREA_6,2026-08-08
H089,Josephina's Cafe,registro_oficial,,bar_notable,"DECISIÓN 18: campo de registro oficial para la ficha. Derivado de `tipo`, `reconocimiento` y `patrimonio_norma`, que ya viajaban en la capa.",TAREA_6,2026-08-08
H041,La Escuela,registro_oficial,,bar_notable,"DECISIÓN 18: campo de registro oficial para la ficha. Derivado de `tipo`, `reconocimiento` y `patrimonio_norma`, que ya viajaban en la capa.",TAREA_6,2026-08-08
H068,La Opera,registro_oficial,,bar_notable,"DECISIÓN 18: campo de registro oficial para la ficha. Derivado de `tipo`, `reconocimiento` y `patrimonio_norma`, que ya viajaban en la capa.",TAREA_6,2026-08-08
H063,La Orquidea,registro_oficial,,bar_notable,"DECISIÓN 18: campo de registro oficial para la ficha. Derivado de `tipo`, `reconocimiento` y `patrimonio_norma`, que ya viajaban en la capa.",TAREA_6,2026-08-08
DIR-001,La Americana,registro_oficial,,pizzeria_emblematica,"DECISIÓN 18: campo de registro oficial para la ficha. Derivado de `tipo`, `reconocimiento` y `patrimonio_norma`, que ya viajaban en la capa.",TAREA_6,2026-08-08
DIR-002,El Fortin,registro_oficial,,pizzeria_emblematica,"DECISIÓN 18: campo de registro oficial para la ficha. Derivado de `tipo`, `reconocimiento` y `patrimonio_norma`, que ya viajaban en la capa.",TAREA_6,2026-08-08
DIR-003,Guerrin,registro_oficial,,pizzeria_emblematica,"DECISIÓN 18: campo de registro oficial para la ficha. Derivado de `tipo`, `reconocimiento` y `patrimonio_norma`, que ya viajaban en la capa.",TAREA_6,2026-08-08
DIR-004,El Cuartito,registro_oficial,,pizzeria_emblematica,"DECISIÓN 18: campo de registro oficial para la ficha. Derivado de `tipo`, `reconocimiento` y `patrimonio_norma`, que ya viajaban en la capa.",TAREA_6,2026-08-08
DIR-005,Las Cuartetas,registro_oficial,,pizzeria_emblematica,"DECISIÓN 18: campo de registro oficial para la ficha. Derivado de `tipo`, `reconocimiento` y `patrimonio_norma`, que ya viajaban en la capa.",TAREA_6,2026-08-08
DIR-006,Pin Pun,registro_oficial,,pizzeria_emblematica,"DECISIÓN 18: campo de registro oficial para la ficha. Derivado de `tipo`, `reconocimiento` y `patrimonio_norma`, que ya viajaban en la capa.",TAREA_6,2026-08-08
DIR-007,Casa Burgio,registro_oficial,,pizzeria_emblematica,"DECISIÓN 18: campo de registro oficial para la ficha. Derivado de `tipo`, `reconocimiento` y `patrimonio_norma`, que ya viajaban en la capa.",TAREA_6,2026-08-08
DIR-008,Angelin,registro_oficial,,pizzeria_emblematica,"DECISIÓN 18: campo de registro oficial para la ficha. Derivado de `tipo`, `reconocimiento` y `patrimonio_norma`, que ya viajaban en la capa.",TAREA_6,2026-08-08
DIR-009,La Mezzetta,registro_oficial,,pizzeria_emblematica,"DECISIÓN 18: campo de registro oficial para la ficha. Derivado de `tipo`, `reconocimiento` y `patrimonio_norma`, que ya viajaban en la capa.",TAREA_6,2026-08-08
DIR-010,Banchero,registro_oficial,,pizzeria_emblematica,"DECISIÓN 18: campo de registro oficial para la ficha. Derivado de `tipo`, `reconocimiento` y `patrimonio_norma`, que ya viajaban en la capa.",TAREA_6,2026-08-08
DIR-011,El Cedron,registro_oficial,,pizzeria_emblematica,"DECISIÓN 18: campo de registro oficial para la ficha. Derivado de `tipo`, `reconocimiento` y `patrimonio_norma`, que ya viajaban en la capa.",TAREA_6,2026-08-08
DIR-012,Los Maestros,registro_oficial,,pizzeria_emblematica,"DECISIÓN 18: campo de registro oficial para la ficha. Derivado de `tipo`, `reconocimiento` y `patrimonio_norma`, que ya viajaban en la capa.",TAREA_6,2026-08-08
DIR-013,Pirilo,registro_oficial,,pizzeria_emblematica,"DECISIÓN 18: campo de registro oficial para la ficha. Derivado de `tipo`, `reconocimiento` y `patrimonio_norma`, que ya viajaban en la capa.",TAREA_6,2026-08-08
DIR-014,Los Campeones,registro_oficial,,pizzeria_emblematica,"DECISIÓN 18: campo de registro oficial para la ficha. Derivado de `tipo`, `reconocimiento` y `patrimonio_norma`, que ya viajaban en la capa.",TAREA_6,2026-08-08
DIR-015,San Carlos,registro_oficial,,pizzeria_emblematica,"DECISIÓN 18: campo de registro oficial para la ficha. Derivado de `tipo`, `reconocimiento` y `patrimonio_norma`, que ya viajaban en la capa.",TAREA_6,2026-08-08
DIR-016,Torino Norte,registro_oficial,,pizzeria_emblematica,"DECISIÓN 18: campo de registro oficial para la ficha. Derivado de `tipo`, `reconocimiento` y `patrimonio_norma`, que ya viajaban en la capa.",TAREA_6,2026-08-08
DIR-017,Gran Pizzeria Jose,registro_oficial,,pizzeria_emblematica,"DECISIÓN 18: campo de registro oficial para la ficha. Derivado de `tipo`, `reconocimiento` y `patrimonio_norma`, que ya viajaban en la capa.",TAREA_6,2026-08-08
DIR-018,El Palacio de la Pizza,registro_oficial,,pizzeria_emblematica,"DECISIÓN 18: campo de registro oficial para la ficha. Derivado de `tipo`, `reconocimiento` y `patrimonio_norma`, que ya viajaban en la capa.",TAREA_6,2026-08-08
DIR-019,El Trebol 1969,registro_oficial,,pizzeria_emblematica,"DECISIÓN 18: campo de registro oficial para la ficha. Derivado de `tipo`, `reconocimiento` y `patrimonio_norma`, que ya viajaban en la capa.",TAREA_6,2026-08-08
DIR-020,San Antonio,registro_oficial,,pizzeria_emblematica,"DECISIÓN 18: campo de registro oficial para la ficha. Derivado de `tipo`, `reconocimiento` y `patrimonio_norma`, que ya viajaban en la capa.",TAREA_6,2026-08-08
PAT-001,Pena Los Amigos / Bar El Chino,registro_oficial,,sitio_interes_cultural,"DECISIÓN 18: campo de registro oficial para la ficha. Derivado de `tipo`, `reconocimiento` y `patrimonio_norma`, que ya viajaban en la capa.",TAREA_6,2026-08-08
PAT-002,Bar Catedral Tango,registro_oficial,,sitio_interes_cultural,"DECISIÓN 18: campo de registro oficial para la ficha. Derivado de `tipo`, `reconocimiento` y `patrimonio_norma`, que ya viajaban en la capa.",TAREA_6,2026-08-08
PAT-003,Edificios Administrativos del Antiguo Matadero,registro_oficial,,APH,"DECISIÓN 18: campo de registro oficial para la ficha. Derivado de `tipo`, `reconocimiento` y `patrimonio_norma`, que ya viajaban en la capa.",TAREA_6,2026-08-08
H094,Bar Iberia,registro_oficial,,bar_notable,"DECISIÓN 18: campo de registro oficial para la ficha. Derivado de `tipo`, `reconocimiento` y `patrimonio_norma`, que ya viajaban en la capa.",TAREA_6,2026-08-08
H078,Miramar,registro_oficial,bar_notable,bar_notable; restaurante_iconico,"DECISIÓN 11 + 18: Miramar tiene DOBLE reconocimiento oficial —Bar Notable del anexo 1225/26 y Restaurante Icónico (16, 07/07/2026)— y la capa lo tenía a medias: dos filas, una por registro, sin saber que eran el mismo local.",TAREA_6,2026-08-08
H078,Miramar,nota_ronda_7,,MISMO ESTABLECIMIENTO que ICO-012: Sarandí 1190 / Av. San Juan 1999 es la misma ochava. Las dos filas se conservan porque fusionarlas movería el conteo de la vía B sin que se vea; quedan apuntadas entre sí.,,TAREA_6,2026-08-08
ICO-012,Miramar,registro_oficial,restaurante_iconico,bar_notable; restaurante_iconico,"DECISIÓN 11 + 18: Miramar tiene DOBLE reconocimiento oficial —Bar Notable del anexo 1225/26 y Restaurante Icónico (16, 07/07/2026)— y la capa lo tenía a medias: dos filas, una por registro, sin saber que eran el mismo local.",TAREA_6,2026-08-08
ICO-012,Miramar,nota_ronda_7,,MISMO ESTABLECIMIENTO que H078: Sarandí 1190 / Av. San Juan 1999 es la misma ochava. Las dos filas se conservan porque fusionarlas movería el conteo de la vía B sin que se vea; quedan apuntadas entre sí.,,TAREA_6,2026-08-08
H015,BAR SEDDON,registro_oficial,bar_notable,bar_notable; sitio_interes_cultural,"DECISIÓN 18: Bar Notable del anexo + Sitio de Interés Cultural, norma 287/00.",TAREA_6,2026-08-08
H082,PLAZA BAR,vigencia_revisar_hasta,,2028,DECISIÓN 19: reapertura anunciada para 2028.,TAREA_6,2026-08-08
H082,PLAZA BAR,nota_ronda_7,,"Reapertura anunciada para 2028. Con la decisión 5 pasa a contar dentro de Z46 Retiro, que queda con cuatro Bares Notables en seis cuadras y uno de ellos cerrado desde 2017.",,TAREA_6,2026-08-08
H009,Bar El Federal,direccion_variante,,599,"DECISIÓN 20: Bar El Federal · misma esquina de Perú y Carlos Calvo. Se publica la altura del anexo y la variante queda registrada, no descartada: es la que usan Tripadvisor y parte de la prensa, y sin ella un cruce por dirección falla.",TAREA_6,2026-08-08
H074,36 BILLARES,direccion_variante,,1271,"DECISIÓN 20: Los 36 Billares · finca con doble numeración. Se publica la altura del anexo y la variante queda registrada, no descartada: es la que usan Tripadvisor y parte de la prensa, y sin ella un cruce por dirección falla.",TAREA_6,2026-08-08
H054,EL SIMBOLO,direccion_variante,,3797,"DECISIÓN 20: El Símbolo · finca de esquina con doble numeración. Se publica la altura del anexo y la variante queda registrada, no descartada: es la que usan Tripadvisor y parte de la prensa, y sin ella un cruce por dirección falla.",TAREA_6,2026-08-08
H004,Bar Boca a Boca,direccion_variante,,207,"DECISIÓN 20: Bar Boca a Boca. Se publica la altura del anexo y la variante queda registrada, no descartada: es la que usan Tripadvisor y parte de la prensa, y sin ella un cruce por dirección falla.",TAREA_6,2026-08-08
DIR-026,Gran Café Gardel,(alta),,alta a la capa,"1935, 91 años. NO figura en el anexo 1225/26 ni entre los 16 Restaurantes Icónicos: es trayectoria sin registro oficial, y por eso NO computa para la vía B con la regla vigente. Se carga igual porque es el tipo de hito que la ficha de la zona necesita nombrar. Barrio disputado con San Cristóbal.",TAREA_5,2026-08-08
DIR-027,Centro Asturiano de Buenos Aires,(alta),,alta a la capa,"ABRE LA VÍA D, no la B: es oferta de colectividad verificable, no registro oficial gastronómico. Sede lunes a viernes 10-18; el horario del restaurante no se pudo confirmar, y por eso dudosa.",TAREA_5,2026-08-08
DIR-028,Centro Laurak Bat (Restaurante Haritz),(alta),,alta a la capa,"HALLAZGO NUEVO. Opera el Restaurante Haritz. ABRE LA VÍA D con oferta verificable, no con relato: es un restaurante con nombre propio dentro de la casa vasca, no una referencia a la colectividad.",TAREA_5,2026-08-08
DIR-029,Casal de Catalunya,(alta),,alta a la capa,"Fuera del perímetro propuesto de Monserrat pero contiguo. Se registra para que la vía D de la zona pueda decidirse con el conjunto a la vista, no para computarlo adentro.",TAREA_5,2026-08-08
H015,BAR SEDDON,barrio_declarado,,Monserrat,"DISCREPANCIA RESUELTA POR PUNTO: el catálogo lo asigna a Monserrat y la CPPHC a San Telmo. USIG /datos_utiles sobre el punto responde Monserrat. Es el mismo procedimiento con el que la ronda 6 resolvió Café Olimpo, y la cuarta vez que el campo territorial de un catálogo no se sostiene contra el punto.",TAREA_5,2026-08-08
H015,BAR SEDDON,conflicto_direccion,,barrio en disputa entre el catálogo (Monserrat) y la CPPHC (San Telmo); resuelto por punto: Monserrat,,TAREA_5,2026-08-08
