nro_registro,rubro,establecimiento,domicilio_completo,barrio,comuna,accesibilidad
RL-2017-25630894- -DGCCO,Restaurante,1893,SCALABRINI ORTIZ 701,VILLA CRESPO,15,
16/G/2015,Restaurante,AL CARBÓN,RECONQUISTA 875,SAN NICOLAS,1,
RL-2017-04167920- -DGDYCOF,Restaurante,ALAMEDA RESTAURANTE,AV. DE MAYO 1201,MONSERRAT,1,
RL-2018-18305233- -DGCCO,Restaurante,ALDO'S RESTORAN VINOTECA,MORENO 372,MONSERRAT,1,
RL-2017-26691981,Restaurante,ANASAGASTI,ANASAGASTI 2067,PALERMO,14,
RL-2018-25706633--DGCCO,Restaurante,ANGUS,AVALOS 2184,VILLA URQUIZA,12,
RL-2018-30008795--DGCCO,Restaurante,ANGUS,BAEZ 444,PALERMO,14,
RL-2017-22305599- -DGCCO,Heladería,ANTA HELADOS,JUAN B. JUSTO 6357,VILLA SANTA RITA,11,
01/G/2015,Restaurante,ANTIGUA TASCA DE CUCHILLEROS,CARLOS CALVO 319,SAN TELMO,1,
01-G-2011,Restaurante,ASADOR CRIOLLO LA ESTANCIA,LAVALLE 941,SAN NICOLÁS,1,
RL-2018-02363267- -DGCCO,Restaurante,BAR BRITANICO,BRASIL 399,SAN TELMO,1,
RL-2019-33405635- -DGTALET,Bar Notable,BAR DE CAO,INDEPENDENCIA 2400,SAN CRISTOBAL,3,
RL-2019-23719394- -DGTALET,Bar Notable,BAR EL COLONIAL,AV. BELGRANO 599,MONSERRAT,1,
RL-2019-33432279- -DGTALET,Bar Notable,EL FEDERAL,CARLOS CALVO 599,SAN TELMO,1,
12/G/2015,Bar Notable,BAR LA ACADEMIA,AV. CALLAO 368,BALVANERA,3,
RL-2017-26540593- -DGCCO,Bar Notable,BAR LAVALLE,LAVALLE 1693,SAN NICOLÁS,1,
RL-2017-24098157- -DGCCO,Bar Notable,BAR PALACIO / Museo Fotográfico SIMIK,FRAGA 702,CHACARITA,15,
RL-2017-26335463- -DGCCO,Bar Notable,BAR QUINTINO,CARLOS CALVO 4002,BOEDO,5,
RL-2018-22506566- -DGCCO,Bar Notable,BAR SEDDON,DEFENSA 695,SAN TELMO,1,
RL-2019-27629085--DGTALET,Bar Notable,BAR SUR,ESTADOS UNIDOS 299,SAN TELMO,1,
RL-2018-02974844- -DGCCO,Restaurante,BARBARO BAR,TRES SARGENTOS 415,RETIRO,1,
RL-2017-18858898-DGCCO,Bar Temático,BARBERÍA LA ÉPOCA,GUAYAQUIL 877,CABALLITO,6,
RL-2018-28680385- -DGCCO,Restaurante,BAUM SAN TELMO,PASAJE 5 DE JULIO 412,MONSERRAT,1,
RL-2018-18305233- -DGCCO,Restaurante,BEBOP CLUB,MORENO 364,MONSERRAT,1,
RL-2019-20222420--DGTALET,Restaurante,BIO SOLO ORGÁNICO,HUMBOLDT 2192,PALERMO,14,
RL-2017-21361710-DGCCO,Restaurante,BLONDA,ANDRÉS ARGUIBEL 2822,PALERMO,14,
07-G-2011,Restaurante,BROCCOLINO RISTORANTE ITALIANO,ESMERALDA 776,SAN NICOLAS,1,
12/G/2014,Bar Temático / Restaurante Temático,BULLER,PTE. ROBERTO M. ORTIZ 1827,RECOLETA,2,
03/G/2015,Restaurante,CABAÑA LAS LILAS,ALICIA M. DE JUSTO 516,PUERTO MADERO,1,
RL-2019-33366369- -DGTALET,Restaurante / Bar Temático,CAFÉ CORTAZAR,JOSÉ ANTONIO CABRERA 3799,PALERMO,14,
RL-2017-25034751- -DGCCO,Bar Notable,CAFÉ DE GARCIA,SANABRIA 3302,VILLA DEVOTO,11,
RL-2017-23702268- -DGCCO,Bar Notable,CAFÉ DE LA ESQUINA,AV. DEL LIBERTADOR 6196,BELGRANO,13,
05/G/2015,Bar Notable,CAFÉ DE LA U,AV. TRIUNVIRATO 4801,VILLA URQUIZA,12,
RL-2019-33514513- -DGTALET,Bar Notable,LA POESÍA,CHILE 502,SAN TELMO,1,
RL-2019-33093794- -DGTALET,Bar Notable,CAFE MARGOT,BOEDO 857,BOEDO,5,
15/G/2015,Bar Notable,CAFÉ MAR AZUL,TUCUMÁN 1700,SAN NICOLÁS,1,
RL-2017-24687205- -DGCCO,Bar Notable,CAFÉ NOSTALGIA BAR,SOLER 3599,PALERMO,14,
RL-2017-24685618-DGCCO,Bar Notable,CAFÉ VICTORIA,AV. ENTRE RÍOS 114,MONSERRAT,1,
RL-2019-23718097- -DGTALET,Restaurante,CAMPOBRAVO,BAEZ 292,PALERMO,14,
RL-2019-27625034--DGTALET,Restaurante,CAMPOBRAVO HONDURAS,HONDURAS 5600,PALERMO,14,
RL-2017-12046664-DGDYCOF,Bar Notable,CASTELAR HOTEL & SPA,AV. DE MAYO 1152,MONSERRAT,1,
11/G/2014,Restaurante Tangueria,CÁTULO TANGO,ZELAYA 3080,BALVANERA,3,
RL-2019-33437550- -DGTALET,Bar Notable,CELTA BAR,SARMIENTO 1702,SAN NICOLÁS,1,
RL-2017-24096639- -DGCCO,Restaurante,CERVECERÍA LÓPEZ,ÁLVAREZ THOMAS 2136,VILLA ORTUZAR,15,
08-G-2011,Restaurante,CHIQUILÍN,MONTEVIDEO 321,SAN NICOLÁS,1,
RPT-149-2008,Tanguería,COMPLEJO TANGO,AV. BELGRANO 2608,BALVANERA,3,
RL-2017-24097947- -DGCCO,Bar Notable,CONFITERÍA LONDON CITY,AV. DE MAYO 599,MONSERRAT,1,
RL-2017-04148937- -DGDYCOF,Restaurante,DARIO GUALTIERI BISTRO,ARMENIA 1378,PALERMO,14,
RL-2019-20194795--DGTALET,Restaurante,DELICIOUS,LAPRIDA 2015,RECOLETA,2,
RL-2017-24620129- -DGCCO,Restaurante,DESNIVEL,DEFENSA 855,SAN TELMO,1,
RL-2018-03055516- -DGCCO,Restaurante,DESPACHO DE SABORES,BONPLAND 1617,PALERMO,14,
RL-2018-28680744- -DGCCO,Heladería,DIECCI HELADOS,GUALEGUAYCHÚ 3405,VILLA DEVOTO,11,
RPT-023-2005,Gastronomía,DON CARLOS,BILLINGHURST 450,ALMAGRO,5,
14/G/2015,Restaurante,DON ERNESTO,CARLOS CALVO 375,SAN TELMO,1,
RL-2017-25878446- -DGCCO,Bar Notable,EL BANDERÍN,GUARDIA VIEJA 3601,ALMAGRO,5,
RL-2017-23224312- -DGCCO,Gastronomía,EL CHISTE PIZZERÍA,MORENO 467,MONSERRAT,1,
RL-2017-22417964- -DGCCO,Gastronomía/Bar Notable,EL GATO NEGRO,AV. CORRIENTES 1669,SAN TELMO,1,
RL-2019-15959567--DGTALET,Restaurante/Bar Temático,EL GRAN PARAÍSO,GARIBALDI 1428,LA BOCA,4,
RL-2017-09229387- -DGDYCOF,Restaurante,EL IMPARCIAL,H. YRIGOYEN 1201,MONSERRAT,1,
RPT-095-2005,Gastronomía,EL PALACIO DE LA PAPA FRITA,LAVALLE 735,SAN NICOLÁS,1,
RPT-121-2005,Gastronomía,EL PALACIO DE LA PAPA FRITA,AV. CORRIENTES 1612,SAN NICOLÁS,1,
RPT-47-2005,Tanguería,EL QUERANDÍ,PERÚ 302,MONSERRAT,1,
RPT-137-2007,Gastronomía,EL VESUVIO,AV. CORRIENTES 1181,SAN NICOLÁS,1,
RL-2018-13480630- -DGCCO,Tanguería,EL VIEJO ALMACÉN,Av. Independencia 313,SAN TELMO,1,
RL-2017-07599563- -DGDYCOF,Bar Temático / Restaurante Temático,ERIK BAR,HONDURAS 5098,PALERMO,14,
RPT-027-2005,Tanguería,ESQUINA HOMERO MANZI,AV. SAN JUAN 3601,BOEDO,5,
RL-2018-20131433- -DGCCO,Restaurante,ESTILO CAMPO,ALICIA MOREAU DE JUSTO 1840,PUERTO MADERO,1,
RL-2017-12733983-DGDYCOF,Restaurante,FIFI ALMACÉN,GORRITI 4812,PALERMO,14,
RPT-33-2005,Restaurante,FILO,SAN MARTÍN 975,RETIRO,1,
RL-2017-12737456-DGDYCOF,Bar Temático,FULL CITY COFFEE HOUSE,THAMES 1535,PALERMO,14,
RL-2018-13126887- -DGCCO,Restaurante,FURCHI ARTESANAL HELADOS,CABILDO 1508,COLEGIALES,13,
09-G-2011,Tanguería,GALA TANGO,PASAJE 5 DE JULIO 434,MONSERRAT,1,
RL-2017-26106708- -DGCCO,Restaurante,GRAN PIZZERÍA JOSÉ,AV. SAN MARTÍN 6915,VILLA DEVOTO,11,
RL-2018-30315696- -DGCCO,Restaurante,GOURMAND FOOD HALL,AV. DEL LIBERTADOR 740,RETIRO,1,
06/G/2015,Restaurante,HAPPENING,ALICIA M. DE JUSTO 310,PUERTO MADERO,1,
RPT-048-2007,Bar Temático,HARD ROCK CAFÉ BUENOS AIRES,AZCUÉNAGA 2085,RECOLETA,2,
RL-2017-24098516- -DGCCO,Gastronomía,HELADERÍA ITALIA,AV. TRIUNVIRATO 4546,VILLA URQUIZA,12,
09/G/2015,Restaurante Temático,HOLA JACOBA,THAMES 1801,PALERMO,14,
RL-2019-20194795- -DGTALET,Restaurante,I LATINA,MURILLO 725,VILLA CRESPO,15,
RPT-084-2005,Bar Temático,LA BIBLIOTECA CAFÉ,MARCELO T. DE ALVEAR 1155,RETIRO,1,
RPT-069-2005,Bar Notable,LA BIELA,AV. PTE. MANUEL QUINTANA 594,RECOLETA,1,
RL-2019-05375341--DGDTU,Restaurante,LA BUENA PIZZA,AGÜERO 2241 PB,RECOLETA,2,
07-G-2015,Restaurante,LA CABAÑA,ALICIA M. DE JUSTO 380,PUERTO MADERO,1,
12-G-2015,Restaurante,LA CABRERA SUR,J. A. CABRERA 5099,PALERMO,14,
RL-2017-22419784- -DGCCO,Gastronomía,LA GUITARRITA,CUBA 3300,NUÑEZ,13,
RL-2017-25892974- -DGCCO,Peña,LA PAILA,COSTA RICA 4848,PALERMO,14,
10-G-2015,Restaurante,LA POSADA DE 1820,TUCUMÁN 501,SAN NICOLÁS,1,
02-G-2011,Bar Notable,LA PUERTO RICO,ADOLFO ALSINA 416,MONSERRAT,1,
RPT-100-2005,Restaurante,LA TEKLA,TALCAHUANO 897,RETIRO,1,
RPT-046-2005,Tanguería,LA VENTANA,BALCARCE 425,MONSERRAT,1,
RPT-277-2006,Restaurante,LAS NAZARENAS,RECONQUISTA 1132,RETIRO,1,
RL-2017-24893136- -DGCCO,Bar Notable,LAS VIOLETAS,AV. RIVADAVIA 3899,ALMAGRO,5,
RL-2018-06957986- -DGCCO,Restaurante,LO DE JESÚS,GURRUCHAGA 1406,PALERMO,14,
RPT-10-G-2014,Tanguería,MADERO TANGO,ELVIRA RAWSON DE DELLEPIANE 150,PUERTO MADERO,1,
03-G-2011,Restaurante,MAGNO BAR & LOUNGE,JOSÉ M. MORENO 318,CABALLITO,6,
RL-2017-27175205- -DGCCO,Restaurante,MANOLO RESTAURANT,COCHABAMBA 501,SAN TELMO,1,
RL-2018-25703246- -DGCCO,Bar Temático,MARICAFÉ,HONDURAS 4096,PALERMO,14,
RL-2018-28681001--DGCCO,Restaurante,MARY CARMEN PARRILLA GOURMET,BAZURCO 3401,VILLA DEVOTO,11,
RPT-60-2005,Restaurante,MESÓN NAVARRO,LAVALLE 170,SAN NICOLÁS,1,
RL-2018-03608580- -DGCCO,Restaurante,MILIÓN,PARANÁ 1048,SAN NICOLÁS,1,
RL-2019-33060098- -DGTALET,Bar Notable,MIRAMAR,SAN JUAN 1999,SAN CRISTOBAL,3,
RL-2017-20824848- -DGCCO,Gastronomia,OCHO ESQUINAS,AV. FOREST 1186,CHACARITA,15,
RL-2018-29620772--DGCCO,Restaurante,PIZZA PIOLA,LIBERTAD 1078,RETIRO,1,
RPT-80-2005,Restaurante,PIZZA ROMA,LAVALLE 884,SAN NICOLÁS,1,
RL-2018-02445783- -DGCCO,Restaurante,PIZZERIA ANGELIN,AV. CÓRDOBA 5270,VILLA CRESPO,15,
RPT-139-2008,Restaurante,PORTO PIRATA,MARCELO T. DE ALVEAR 401,RETIRO,1,
RL-2019-15958764--DGTALET,Restaurante,POSADA DE VIRREYES,NAZARRE 6102,VILLA REAL,10,
RL-2018-28680151--DGCCO,Bar Temático,PRIDE CAFÉ,BALCARCE 369,SAN TELMO,1,
RPT-45-2005,Restaurante,PUERTO VIEJO,B. QUINQUELA MARTÍN 718,LA BOCA,4,
RL-2019-20958412-DGTALET,Restaurante,PULPERÍA QUILAPAN,DEFENSA 1344,SAN TELMO,1,
RL-2017-18849459- -DGCCO,Restaurante,RAÍCES COCINA CASERA CON HISTORIA,CRISÓLOGO LARRALDE 3995,SAAVEDRA,12,
RL-2017-24752167- -DGCCO,Gastronomia,RESTAURANTE EL PUENTECITO,VIEYTES 1895,BARRACAS,4,
RPT-70-2005,Restaurante,RESTAURANTE LEZAMA,BRASIL 359,SAN TELMO,1,
RPT-02-G-2015,Restaurante,RESTAURANTE PUERTO CRISTAL,ALICIA M. DE JUSTO 1082,PUERTO MADERO,1,
06-G-2011,Restaurante,RESTAURANTE VOLVER,AV. CORRIENTES 3190 1_PISO,BALVANERA,5,
RL-2018-33646960- -DGCCO,Bar Temático,SITGES,AV. CÓRDOBA 4119,PALERMO,14,
RPT-130-2005,Restaurante,SORRENTO RECOVA,POSADAS 1053,RETIRO,1,
11-G-2015,Tanguería,TANGO PORTEÑO,CERRITO 570,SAN NICOLÁS,1,
RL-2019-27633846--DGTALET,Bar Temático / Restaurante Temático,TEATRO CIEGO,JORGE LUIS BORGES 1974,PALERMO,14,
RL-2017-03299615- -DGDYCOF,Restaurante temático,THE ARGENTINE EXPERIENCE,FITZ ROY 2110,PALERMO,1,
RPT-131-2005,Bar Temático,THE KILKENNY,MARCELO T. DE ALVEAR 399,RETIRO,1,
RL-2019-15959064--DGTALET,Bar Temático,THOMPSON & CO,HONDURAS 5490,PALERMO,14,
RL-2017-26013286- -DGCCO,Bar Temático,VERNE CLUB,MEDRANO 1475,PALERMO,14,
RL-2018-02443539- -DGCCO,Restaurante,VIEJO MUNDO,AV. WARNES 2702,PATERNAL,15,
